Year,Month,Precipitation (inches)
1856,Apr,4.01
1856,Aug,0.08000000000000007
1856,Dec,15.370000000000001
1856,Feb,3.07
1856,Jan,5.0
1856,Jul,2.89
1856,Jun,2.953705001613767
1856,Mar,1.01
1856,May,4.08
1856,Nov,6.62
1856,Oct,4.81
1856,Sep,2.37
1857,Apr,2.953705001613767
1857,Aug,2.953705001613767
1857,Dec,2.953705001613767
1857,Feb,2.953705001613767
1857,Jan,2.953705001613767
1857,Jul,2.953705001613767
1857,Jun,2.953705001613767
1857,Mar,2.953705001613767
1857,May,2.953705001613767
1857,Nov,2.953705001613767
1857,Oct,2.953705001613767
1857,Sep,2.953705001613767
1858,Apr,2.953705001613767
1858,Aug,2.953705001613767
1858,Dec,2.953705001613767
1858,Feb,2.953705001613767
1858,Jan,2.953705001613767
1858,Jul,2.953705001613767
1858,Jun,2.953705001613767
1858,Mar,2.953705001613767
1858,May,2.953705001613767
1858,Nov,2.953705001613767
1858,Oct,2.953705001613767
1858,Sep,2.953705001613767
1859,Apr,2.953705001613767
1859,Aug,2.953705001613767
1859,Dec,2.953705001613767
1859,Feb,2.953705001613767
1859,Jan,2.953705001613767
1859,Jul,2.953705001613767
1859,Jun,2.953705001613767
1859,Mar,2.953705001613767
1859,May,2.953705001613767
1859,Nov,2.953705001613767
1859,Oct,2.953705001613767
1859,Sep,2.953705001613767
1860,Apr,2.953705001613767
1860,Aug,2.953705001613767
1860,Dec,2.953705001613767
1860,Feb,2.953705001613767
1860,Jan,2.953705001613767
1860,Jul,2.953705001613767
1860,Jun,2.953705001613767
1860,Mar,2.953705001613767
1860,May,2.953705001613767
1860,Nov,2.953705001613767
1860,Oct,2.953705001613767
1860,Sep,2.953705001613767
1861,Apr,2.953705001613767
1861,Aug,2.953705001613767
1861,Dec,2.953705001613767
1861,Feb,2.953705001613767
1861,Jan,2.953705001613767
1861,Jul,2.953705001613767
1861,Jun,2.953705001613767
1861,Mar,2.953705001613767
1861,May,2.953705001613767
1861,Nov,2.953705001613767
1861,Oct,2.953705001613767
1861,Sep,2.953705001613767
1862,Apr,2.953705001613767
1862,Aug,2.953705001613767
1862,Dec,2.953705001613767
1862,Feb,2.953705001613767
1862,Jan,2.953705001613767
1862,Jul,2.953705001613767
1862,Jun,2.953705001613767
1862,Mar,2.953705001613767
1862,May,2.953705001613767
1862,Nov,2.953705001613767
1862,Oct,2.953705001613767
1862,Sep,2.953705001613767
1863,Apr,2.953705001613767
1863,Aug,2.953705001613767
1863,Dec,2.953705001613767
1863,Feb,2.953705001613767
1863,Jan,2.953705001613767
1863,Jul,2.953705001613767
1863,Jun,2.953705001613767
1863,Mar,2.953705001613767
1863,May,2.953705001613767
1863,Nov,2.953705001613767
1863,Oct,2.953705001613767
1863,Sep,2.953705001613767
1864,Apr,2.953705001613767
1864,Aug,2.953705001613767
1864,Dec,2.953705001613767
1864,Feb,2.953705001613767
1864,Jan,2.953705001613767
1864,Jul,2.953705001613767
1864,Jun,2.953705001613767
1864,Mar,2.953705001613767
1864,May,2.953705001613767
1864,Nov,2.953705001613767
1864,Oct,2.953705001613767
1864,Sep,2.953705001613767
1865,Apr,2.953705001613767
1865,Aug,2.953705001613767
1865,Dec,2.953705001613767
1865,Feb,2.953705001613767
1865,Jan,2.953705001613767
1865,Jul,2.953705001613767
1865,Jun,2.953705001613767
1865,Mar,2.953705001613767
1865,May,2.953705001613767
1865,Nov,2.953705001613767
1865,Oct,2.953705001613767
1865,Sep,2.953705001613767
1866,Apr,2.953705001613767
1866,Aug,2.953705001613767
1866,Dec,2.953705001613767
1866,Feb,2.953705001613767
1866,Jan,2.953705001613767
1866,Jul,2.953705001613767
1866,Jun,2.953705001613767
1866,Mar,2.953705001613767
1866,May,2.953705001613767
1866,Nov,2.953705001613767
1866,Oct,2.953705001613767
1866,Sep,2.953705001613767
1867,Apr,2.953705001613767
1867,Aug,2.953705001613767
1867,Dec,2.953705001613767
1867,Feb,2.953705001613767
1867,Jan,2.953705001613767
1867,Jul,2.953705001613767
1867,Jun,2.953705001613767
1867,Mar,2.953705001613767
1867,May,2.953705001613767
1867,Nov,2.953705001613767
1867,Oct,2.953705001613767
1867,Sep,2.953705001613767
1868,Apr,2.953705001613767
1868,Aug,2.953705001613767
1868,Dec,2.953705001613767
1868,Feb,2.953705001613767
1868,Jan,2.953705001613767
1868,Jul,2.953705001613767
1868,Jun,2.953705001613767
1868,Mar,2.953705001613767
1868,May,2.953705001613767
1868,Nov,2.953705001613767
1868,Oct,2.953705001613767
1868,Sep,2.953705001613767
1869,Apr,2.953705001613767
1869,Aug,2.953705001613767
1869,Dec,2.953705001613767
1869,Feb,2.953705001613767
1869,Jan,2.953705001613767
1869,Jul,2.953705001613767
1869,Jun,2.953705001613767
1869,Mar,2.953705001613767
1869,May,2.953705001613767
1869,Nov,2.953705001613767
1869,Oct,2.953705001613767
1869,Sep,2.953705001613767
1870,Apr,2.953705001613767
1870,Aug,2.953705001613767
1870,Dec,2.953705001613767
1870,Feb,2.953705001613767
1870,Jan,2.953705001613767
1870,Jul,2.953705001613767
1870,Jun,2.953705001613767
1870,Mar,2.953705001613767
1870,May,2.953705001613767
1870,Nov,2.953705001613767
1870,Oct,2.953705001613767
1870,Sep,2.953705001613767
1871,Apr,2.953705001613767
1871,Aug,2.953705001613767
1871,Dec,2.953705001613767
1871,Feb,2.953705001613767
1871,Jan,2.953705001613767
1871,Jul,2.953705001613767
1871,Jun,2.953705001613767
1871,Mar,2.953705001613767
1871,May,2.953705001613767
1871,Nov,2.953705001613767
1871,Oct,2.953705001613767
1871,Sep,2.953705001613767
1872,Apr,2.953705001613767
1872,Aug,2.953705001613767
1872,Dec,2.953705001613767
1872,Feb,2.953705001613767
1872,Jan,2.953705001613767
1872,Jul,2.953705001613767
1872,Jun,2.953705001613767
1872,Mar,2.953705001613767
1872,May,2.953705001613767
1872,Nov,2.953705001613767
1872,Oct,2.953705001613767
1872,Sep,2.953705001613767
1873,Apr,2.953705001613767
1873,Aug,2.953705001613767
1873,Dec,2.953705001613767
1873,Feb,2.953705001613767
1873,Jan,2.953705001613767
1873,Jul,2.953705001613767
1873,Jun,2.953705001613767
1873,Mar,2.953705001613767
1873,May,2.953705001613767
1873,Nov,2.953705001613767
1873,Oct,2.953705001613767
1873,Sep,2.953705001613767
1874,Apr,2.953705001613767
1874,Aug,2.953705001613767
1874,Dec,2.953705001613767
1874,Feb,2.953705001613767
1874,Jan,2.953705001613767
1874,Jul,2.953705001613767
1874,Jun,2.953705001613767
1874,Mar,2.953705001613767
1874,May,2.953705001613767
1874,Nov,2.953705001613767
1874,Oct,2.953705001613767
1874,Sep,2.953705001613767
1875,Apr,2.953705001613767
1875,Aug,2.953705001613767
1875,Dec,2.953705001613767
1875,Feb,2.953705001613767
1875,Jan,2.953705001613767
1875,Jul,2.953705001613767
1875,Jun,2.953705001613767
1875,Mar,2.953705001613767
1875,May,2.953705001613767
1875,Nov,2.953705001613767
1875,Oct,2.953705001613767
1875,Sep,2.953705001613767
1876,Apr,2.953705001613767
1876,Aug,2.953705001613767
1876,Dec,2.953705001613767
1876,Feb,2.953705001613767
1876,Jan,2.953705001613767
1876,Jul,2.953705001613767
1876,Jun,2.953705001613767
1876,Mar,2.953705001613767
1876,May,2.953705001613767
1876,Nov,2.953705001613767
1876,Oct,2.953705001613767
1876,Sep,2.953705001613767
1877,Apr,2.953705001613767
1877,Aug,2.953705001613767
1877,Dec,2.953705001613767
1877,Feb,2.953705001613767
1877,Jan,2.953705001613767
1877,Jul,2.953705001613767
1877,Jun,2.953705001613767
1877,Mar,2.953705001613767
1877,May,2.953705001613767
1877,Nov,2.953705001613767
1877,Oct,2.953705001613767
1877,Sep,2.953705001613767
1878,Apr,2.953705001613767
1878,Aug,2.953705001613767
1878,Dec,2.953705001613767
1878,Feb,2.953705001613767
1878,Jan,2.953705001613767
1878,Jul,2.953705001613767
1878,Jun,2.953705001613767
1878,Mar,2.953705001613767
1878,May,2.953705001613767
1878,Nov,2.953705001613767
1878,Oct,2.953705001613767
1878,Sep,2.953705001613767
1879,Apr,2.953705001613767
1879,Aug,2.953705001613767
1879,Dec,2.953705001613767
1879,Feb,2.953705001613767
1879,Jan,2.953705001613767
1879,Jul,2.953705001613767
1879,Jun,2.953705001613767
1879,Mar,2.953705001613767
1879,May,2.953705001613767
1879,Nov,2.953705001613767
1879,Oct,2.953705001613767
1879,Sep,2.953705001613767
1880,Apr,2.953705001613767
1880,Aug,2.953705001613767
1880,Dec,2.953705001613767
1880,Feb,2.953705001613767
1880,Jan,2.953705001613767
1880,Jul,2.953705001613767
1880,Jun,2.953705001613767
1880,Mar,2.953705001613767
1880,May,2.953705001613767
1880,Nov,2.953705001613767
1880,Oct,2.953705001613767
1880,Sep,2.953705001613767
1881,Apr,1.2
1881,Aug,0.4500000000000002
1881,Dec,2.44
1881,Feb,3.85
1881,Jan,2.953705001613767
1881,Jul,2.25
1881,Jun,1.26
1881,Mar,1.07
1881,May,0.5
1881,Nov,2.23
1881,Oct,2.41
1881,Sep,2.55
1882,Apr,2.84
1882,Aug,0.14000000000000012
1882,Dec,3.54
1882,Feb,2.25
1882,Jan,4.54
1882,Jul,0.8799999999999999
1882,Jun,1.17
1882,Mar,1.04
1882,May,1.54
1882,Nov,2.44
1882,Oct,4.81
1882,Sep,0.7999999999999998
1883,Apr,1.93
1883,Aug,0.1499999999999999
1883,Dec,0.20999999999999996
1883,Feb,2.25
1883,Jan,2.13
1883,Jul,0.0
1883,Jun,0.6000000000000001
1883,Mar,0.75
1883,May,2.11
1883,Nov,1.98
1883,Oct,1.48
1883,Sep,0.08000000000000007
1884,Apr,1.33
1884,Aug,0.54
1884,Dec,3.28
1884,Feb,3.04
1884,Jan,1.79
1884,Jul,1.06
1884,Jun,2.58
1884,Mar,1.54
1884,May,0.56
1884,Nov,0.5899999999999999
1884,Oct,1.82
1884,Sep,2.43
1885,Apr,0.27
1885,Aug,0.16000000000000014
1885,Dec,1.81
1885,Feb,2.27
1885,Jan,2.53
1885,Jul,0.3900000000000001
1885,Jun,3.05
1885,Mar,0.7199999999999993
1885,May,1.53
1885,Nov,4.25
1885,Oct,0.7999999999999998
1885,Sep,0.8799999999999999
1886,Apr,1.1599999999999997
1886,Aug,0.33000000000000007
1886,Dec,3.87
1886,Feb,0.6099999999999999
1886,Jan,3.12
1886,Jul,0.3700000000000001
1886,Jun,0.5699999999999998
1886,Mar,1.07
1886,May,0.9199999999999999
1886,Nov,0.71
1886,Oct,2.11
1886,Sep,1.0
1887,Apr,1.76
1887,Aug,1.26
1887,Dec,2.88
1887,Feb,1.64
1887,Jan,1.91
1887,Jul,1.41
1887,Jun,2.06
1887,Mar,2.5
1887,May,1.06
1887,Nov,1.2199999999999998
1887,Oct,1.04
1887,Sep,1.1
1888,Apr,0.3799999999999999
1888,Aug,0.06999999999999984
1888,Dec,2.59
1888,Feb,0.6400000000000001
1888,Jan,3.96
1888,Jul,0.06000000000000005
1888,Jun,5.12
1888,Mar,0.6200000000000001
1888,May,1.24
1888,Nov,1.08
1888,Oct,1.57
1888,Sep,0.029999999999999805
1889,Apr,0.5500000000000003
1889,Aug,0.2200000000000002
1889,Dec,4.03
1889,Feb,0.33999999999999986
1889,Jan,1.85
1889,Jul,0.45999999999999996
1889,Jun,0.3900000000000001
1889,Mar,1.93
1889,May,1.7
1889,Nov,0.41999999999999993
1889,Oct,2.01
1889,Sep,0.3700000000000001
1890,Apr,0.3799999999999999
1890,Aug,0.3799999999999999
1890,Dec,1.23
1890,Feb,3.15
1890,Jan,3.19
1890,Jul,0.3799999999999999
1890,Jun,1.98
1890,Mar,2.34
1890,May,1.58
1890,Nov,0.06000000000000005
1890,Oct,1.02
1890,Sep,0.8799999999999999
1891,Apr,0.81
1891,Aug,0.6833333333333336
1891,Dec,8.223333333333333
1891,Feb,2.4
1891,Jan,1.04
1891,Jul,1.12
1891,Jun,3.28
1891,Mar,1.03
1891,May,0.6000000000000001
1891,Nov,10.71
1891,Oct,2.5333333333333337
1891,Sep,0.44499999999999984
1892,Apr,4.82
1892,Aug,0.3599999999999999
1892,Dec,3.08
1892,Feb,1.9966666666666666
1892,Jan,2.75
1892,Jul,1.13
1892,Jun,1.025
1892,Mar,2.9800000000000004
1892,May,3.7199999999999998
1892,Nov,2.53
1892,Oct,1.38
1892,Sep,2.153333333333333
1893,Apr,4.59
1893,Aug,0.41000000000000014
1893,Dec,3.2083333333333335
1893,Feb,5.656666666666666
1893,Jan,1.8699999999999999
1893,Jul,0.30333333333333323
1893,Jun,1.1049999999999998
1893,Mar,3.4539999999999997
1893,May,3.04
1893,Nov,5.611666666666667
1893,Oct,3.0014285714285713
1893,Sep,2.0771428571428574
1894,Apr,2.6966666666666668
1894,Aug,0.1259999999999999
1894,Dec,4.2775
1894,Feb,3.2983333333333333
1894,Jan,6.932500000000001
1894,Jul,0.4933333333333336
1894,Jun,1.9799999999999998
1894,Mar,4.096666666666667
1894,May,1.864
1894,Nov,3.928
1894,Oct,3.0083333333333333
1894,Sep,1.9142857142857144
1895,Apr,2.645
1895,Aug,0.06000000000000005
1895,Dec,7.1425
1895,Feb,1.655
1895,Jan,5.0566666666666675
1895,Jul,0.4866666666666668
1895,Jun,1.0166666666666666
1895,Mar,2.2199999999999998
1895,May,2.635
1895,Nov,3.1750000000000003
1895,Oct,0.10000000000000009
1895,Sep,2.2
1896,Apr,4.263333333333333
1896,Aug,1.0
1896,Dec,4.205
1896,Feb,4.736666666666666
1896,Jan,7.6175
1896,Jul,0.1825000000000001
1896,Jun,1.175
1896,Mar,1.9125
1896,May,3.085
1896,Nov,4.982
1896,Oct,1.8350000000000002
1896,Sep,0.952
1897,Apr,1.4383333333333335
1897,Aug,0.44333333333333336
1897,Dec,7.612
1897,Feb,3.1275
1897,Jan,3.1366666666666667
1897,Jul,1.666
1897,Jun,2.6079999999999997
1897,Mar,3.14
1897,May,1.4483333333333333
1897,Nov,7.05
1897,Oct,1.4249999999999998
1897,Sep,1.2416666666666667
1898,Apr,1.9919999999999998
1898,Aug,0.7566666666666668
1898,Dec,2.307142857142857
1898,Feb,4.659999999999999
1898,Jan,3.186666666666667
1898,Jul,0.7149999999999999
1898,Jun,2.185714285714286
1898,Mar,2.125714285714286
1898,May,1.9833333333333334
1898,Nov,4.848571428571428
1898,Oct,2.4133333333333336
1898,Sep,2.19125
1899,Apr,3.13
1899,Aug,2.283
1899,Dec,4.436
1899,Feb,5.1875
1899,Jan,5.86875
1899,Jul,0.30500000000000016
1899,Jun,1.1255555555555554
1899,Mar,2.325
1899,May,2.582222222222222
1899,Nov,8.16
1899,Oct,3.258
1899,Sep,1.2000000000000002
1900,Apr,1.5763636363636364
1900,Aug,0.9199999999999999
1900,Dec,5.651818181818182
1900,Feb,3.0944444444444446
1900,Jan,2.6666666666666665
1900,Jul,0.8439999999999999
1900,Jun,2.23
1900,Mar,3.778
1900,May,2.501
1900,Nov,3.1239999999999997
1900,Oct,3.4899999999999998
1900,Sep,1.46
1901,Apr,3.2655555555555558
1901,Aug,0.1419999999999999
1901,Dec,3.697777777777778
1901,Feb,3.97
1901,Jan,3.589
1901,Jul,0.758
1901,Jun,1.8681818181818182
1901,Mar,2.2972727272727274
1901,May,2.1399999999999997
1901,Nov,6.52
1901,Oct,1.89125
1901,Sep,2.47125
1902,Apr,2.7818181818181817
1902,Aug,0.5489999999999999
1902,Dec,9.04888888888889
1902,Feb,7.252222222222222
1902,Jan,2.3533333333333335
1902,Jul,1.6920000000000002
1902,Jun,0.972
1902,Mar,3.2944444444444447
1902,May,2.2572727272727273
1902,Nov,7.129999999999999
1902,Oct,1.4525
1902,Sep,1.8399999999999999
1903,Apr,1.812
1903,Aug,1.1384615384615384
1903,Dec,2.982727272727273
1903,Feb,1.3359999999999999
1903,Jan,4.831
1903,Jul,0.9654545454545453
1903,Jun,1.6641666666666666
1903,Mar,3.37
1903,May,1.4024999999999999
1903,Nov,5.7780000000000005
1903,Oct,2.2646153846153845
1903,Sep,3.0940000000000003
1904,Apr,2.069090909090909
1904,Aug,0.34299999999999997
1904,Dec,4.358181818181818
1904,Feb,5.756
1904,Jan,4.215
1904,Jul,1.1122222222222222
1904,Jun,1.5
1904,Mar,5.535555555555556
1904,May,0.5666666666666664
1904,Nov,4.863333333333333
1904,Oct,1.6836363636363636
1904,Sep,0.5281818181818183
1905,Apr,1.0071428571428571
1905,Aug,0.7436363636363637
1905,Dec,3.8616666666666664
1905,Feb,1.8342857142857143
1905,Jan,4.210833333333333
1905,Jul,0.45384615384615445
1905,Jun,3.1853846153846157
1905,Mar,3.6546153846153846
1905,May,2.6061538461538465
1905,Nov,2.6123076923076924
1905,Oct,3.765
1905,Sep,2.644615384615385
1906,Apr,0.6961538461538463
1906,Aug,0.28928571428571415
1906,Dec,5.457777777777778
1906,Feb,2.926666666666667
1906,Jan,3.857
1906,Jul,0.1658333333333335
1906,Jun,2.0533333333333332
1906,Mar,1.6333333333333333
1906,May,3.079230769230769
1906,Nov,6.58909090909091
1906,Oct,2.9127272727272726
1906,Sep,1.747272727272727
1907,Apr,1.911
1907,Aug,1.64
1907,Dec,7.074999999999999
1907,Feb,3.414
1907,Jan,4.122
1907,Jul,0.859
1907,Jun,1.436
1907,Mar,2.4059999999999997
1907,May,1.3327272727272728
1907,Nov,4.327272727272727
1907,Oct,0.7981818181818179
1907,Sep,1.813076923076923
1908,Apr,2.623571428571428
1908,Aug,1.002857142857143
1908,Dec,3.3793333333333333
1908,Feb,4.393076923076923
1908,Jan,4.585999999999999
1908,Jul,0.9746666666666666
1908,Jun,0.6476923076923078
1908,Mar,4.873571428571429
1908,May,2.561875
1908,Nov,3.1473333333333335
1908,Oct,3.415625
1908,Sep,0.39599999999999946
1909,Apr,0.9081250000000001
1909,Aug,0.40249999999999986
1909,Dec,3.69235294117647
1909,Feb,5.146875
1909,Jan,5.396
1909,Jul,1.7786666666666666
1909,Jun,0.859375
1909,Mar,1.9384615384615385
1909,May,1.6358823529411766
1909,Nov,7.682941176470589
1909,Oct,1.7761538461538462
1909,Sep,1.108
1910,Apr,2.264375
1910,Aug,0.5031249999999998
1910,Dec,3.578888888888889
1910,Feb,3.450625
1910,Jan,3.7694117647058825
1910,Jul,0.21882352941176464
1910,Jun,1.1329411764705883
1910,Mar,2.843888888888889
1910,May,1.5005555555555556
1910,Nov,7.025294117647059
1910,Oct,3.7825
1910,Sep,1.438235294117647
1911,Apr,0.9966666666666666
1911,Aug,0.9226315789473682
1911,Dec,3.3044444444444445
1911,Feb,1.8375
1911,Jan,3.4549999999999996
1911,Jul,0.28500000000000014
1911,Jun,1.0731249999999999
1911,Mar,1.0761111111111112
1911,May,3.1227777777777774
1911,Nov,4.194999999999999
1911,Oct,0.9529411764705884
1911,Sep,2.5964705882352943
1912,Apr,1.8115789473684212
1912,Aug,2.762941176470588
1912,Dec,4.153888888888889
1912,Feb,2.685
1912,Jan,4.895294117647059
1912,Jul,1.0095
1912,Jun,1.6190000000000002
1912,Mar,1.0750000000000002
1912,May,2.0133333333333336
1912,Nov,4.25578947368421
1912,Oct,3.16
1912,Sep,1.1300000000000001
1913,Apr,1.4209999999999998
1913,Aug,0.5550000000000002
1913,Dec,2.172941176470588
1913,Feb,1.4927777777777778
1913,Jan,5.093500000000001
1913,Jul,0.8399999999999999
1913,Jun,3.055
1913,Mar,2.1642105263157894
1913,May,1.8739999999999999
1913,Nov,5.996842105263158
1913,Oct,3.4563157894736842
1913,Sep,2.2421052631578946
1914,Apr,2.4310526315789476
1914,Aug,0.1413333333333333
1914,Dec,1.7633333333333334
1914,Feb,2.7111111111111112
1914,Jan,7.765294117647058
1914,Jul,0.3136842105263158
1914,Jun,1.9847368421052631
1914,Mar,1.9036842105263159
1914,May,1.2575
1914,Nov,5.272941176470589
1914,Oct,3.65578947368421
1914,Sep,2.677222222222222
1915,Apr,2.4494736842105262
1915,Aug,0.08000000000000007
1915,Dec,7.592777777777778
1915,Feb,2.9171428571428573
1915,Jan,3.603684210526316
1915,Jul,1.276
1915,Jun,0.8665000000000003
1915,Mar,2.4379999999999997
1915,May,3.2634999999999996
1915,Nov,6.366666666666666
1915,Oct,4.384736842105263
1915,Sep,0.8672222222222223
1916,Apr,2.4526315789473685
1916,Aug,0.3664705882352943
1916,Dec,3.861111111111111
1916,Feb,5.775882352941176
1916,Jan,4.225882352941177
1916,Jul,2.042777777777778
1916,Jun,2.214
1916,Mar,7.257142857142857
1916,May,2.072222222222222
1916,Nov,4.401578947368421
1916,Oct,1.5052631578947369
1916,Sep,1.1194444444444445
1917,Apr,4.482777777777778
1917,Aug,0.2372727272727273
1917,Dec,12.42222222222222
1917,Feb,2.8389473684210524
1917,Jan,3.716315789473684
1917,Jul,0.2892307692307692
1917,Jun,2.233888888888889
1917,Mar,4.177368421052631
1917,May,1.5238888888888888
1917,Nov,3.0976470588235294
1917,Oct,1.27
1917,Sep,1.4449999999999998
1918,Apr,1.1217647058823532
1918,Aug,1.9729411764705882
1918,Dec,5.4695
1918,Feb,4.813157894736842
1918,Jan,5.524
1918,Jul,1.186875
1918,Jun,0.5547058823529412
1918,Mar,4.4688888888888885
1918,May,1.8194117647058823
1918,Nov,4.292857142857143
1918,Oct,4.202857142857143
1918,Sep,0.29833333333333334
1919,Apr,3.057894736842105
1919,Aug,0.39095238095238116
1919,Dec,3.272
1919,Feb,4.924736842105263
1919,Jan,6.306470588235293
1919,Jul,0.20400000000000018
1919,Jun,0.7090000000000001
1919,Mar,3.777368421052632
1919,May,2.0985
1919,Nov,5.000500000000001
1919,Oct,1.8423809523809522
1919,Sep,1.84
1920,Apr,3.558888888888889
1920,Aug,1.500952380952381
1920,Dec,6.8075
1920,Feb,0.5057894736842106
1920,Jan,4.041
1920,Jul,1.0165000000000002
1920,Jun,1.7938888888888889
1920,Mar,3.0533333333333332
1920,May,1.6422222222222222
1920,Nov,4.2565
1920,Oct,4.694210526315789
1920,Sep,3.993888888888889
1921,Apr,3.038
1921,Aug,0.9377777777777778
1921,Dec,3.86375
1921,Feb,4.899
1921,Jan,7.391
1921,Jul,0.22631578947368425
1921,Jun,1.9825
1921,Mar,3.409
1921,May,1.3757894736842105
1921,Nov,7.055555555555555
1921,Oct,4.75
1921,Sep,2.4714285714285715
1922,Apr,2.528
1922,Aug,1.6373684210526316
1922,Dec,7.095714285714286
1922,Feb,2.6080952380952382
1922,Jan,2.390952380952381
1922,Jul,0.013500000000000068
1922,Jun,0.19526315789473703
1922,Mar,3.4766666666666666
1922,May,1.3466666666666667
1922,Nov,1.7517647058823531
1922,Oct,2.857894736842105
1922,Sep,2.1163157894736844
1923,Apr,1.657
1923,Aug,1.0911111111111111
1923,Dec,6.652142857142856
1923,Feb,2.1258823529411766
1923,Jan,6.069333333333333
1923,Jul,1.091578947368421
1923,Jun,1.947058823529412
1923,Mar,2.2576470588235296
1923,May,1.8788888888888888
1923,Nov,2.8968421052631577
1923,Oct,2.655263157894737
1923,Sep,1.02
1924,Apr,1.5347058823529411
1924,Aug,0.8395000000000001
1924,Dec,5.344210526315789
1924,Feb,4.035294117647059
1924,Jan,4.602941176470588
1924,Jul,0.6289473684210529
1924,Jun,1.0975
1924,Mar,1.369411764705882
1924,May,0.32166666666666677
1924,Nov,5.447777777777778
1924,Oct,5.1850000000000005
1924,Sep,2.0026315789473683
1925,Apr,2.1494736842105264
1925,Aug,0.7755000000000001
1925,Dec,5.580952380952381
1925,Feb,3.772105263157895
1925,Jan,6.438888888888889
1925,Jul,0.27176470588235313
1925,Jun,0.996
1925,Mar,2.2984999999999998
1925,May,1.5963157894736841
1925,Nov,4.1755555555555555
1925,Oct,1.3494736842105264
1925,Sep,0.9535
1926,Apr,1.3305
1926,Aug,1.9476190476190476
1926,Dec,4.021904761904762
1926,Feb,4.8113636363636365
1926,Jan,4.052727272727273
1926,Jul,0.137
1926,Jun,0.6810526315789476
1926,Mar,1.1236363636363638
1926,May,2.604
1926,Nov,5.618095238095238
1926,Oct,3.464
1926,Sep,1.8528571428571428
1927,Apr,1.6783333333333335
1927,Aug,1.3943478260869566
1927,Dec,3.1336363636363633
1927,Feb,4.4445
1927,Jan,4.72
1927,Jul,0.26000000000000023
1927,Jun,1.0978260869565215
1927,Mar,2.3795
1927,May,2.6080952380952382
1927,Nov,8.078636363636363
1927,Oct,4.571363636363636
1927,Sep,4.6
1928,Apr,2.613888888888889
1928,Aug,0.20000000000000018
1928,Dec,3.504210526315789
1928,Feb,1.243809523809524
1928,Jan,3.7664705882352942
1928,Jul,0.8204545454545453
1928,Jun,1.0523529411764707
1928,Mar,4.621764705882352
1928,May,0.8384999999999998
1928,Nov,2.3978947368421055
1928,Oct,2.623529411764706
1928,Sep,0.6288235294117648
1929,Apr,1.3284615384615384
1929,Aug,0.5442857142857145
1929,Dec,4.845263157894737
1929,Feb,1.0749999999999997
1929,Jan,2.4055
1929,Jul,0.21999999999999975
1929,Jun,2.204090909090909
1929,Mar,2.8468421052631583
1929,May,1.3568181818181817
1929,Nov,1.0492857142857142
1929,Oct,1.1115
1929,Sep,0.42166666666666686
1930,Apr,1.8094444444444444
1930,Aug,0.25888888888888895
1930,Dec,2.2663157894736843
1930,Feb,4.795714285714286
1930,Jan,2.4836842105263157
1930,Jul,0.1326315789473682
1930,Jun,1.524
1930,Mar,2.2899999999999996
1930,May,2.1
1930,Nov,2.468095238095238
1930,Oct,2.891739130434783
1930,Sep,1.594782608695652
1931,Apr,2.379565217391304
1931,Aug,0.23590909090909085
1931,Dec,7.1352
1931,Feb,2.8651999999999997
1931,Jan,5.189444444444444
1931,Jul,0.18699999999999983
1931,Jun,3.281428571428571
1931,Mar,4.734545454545454
1931,May,1.0425
1931,Nov,4.925217391304348
1931,Oct,3.8129166666666667
1931,Sep,2.64
1932,Apr,3.46
1932,Aug,0.9295833333333334
1932,Dec,6.790416666666666
1932,Feb,3.98
1932,Jan,5.3312
1932,Jul,1.8588
1932,Jun,0.6081481481481483
1932,Mar,6.723333333333334
1932,May,1.4492592592592592
1932,Nov,9.214230769230769
1932,Oct,3.5446153846153843
1932,Sep,0.6431818181818181
1933,Apr,0.9447999999999999
1933,Aug,0.9851851851851854
1933,Dec,16.2272
1933,Feb,3.4476
1933,Jan,8.071666666666667
1933,Jul,0.5657142857142863
1933,Jun,1.6085185185185185
1933,Mar,6.0492
1933,May,2.9234615384615386
1933,Nov,2.962962962962963
1933,Oct,5.1725
1933,Sep,3.8407692307692307
1934,Apr,1.3336
1934,Aug,0.37639999999999985
1934,Dec,6.009615384615385
1934,Feb,1.8075999999999999
1934,Jan,7.1552
1934,Jul,1.059
1934,Jun,0.6596000000000002
1934,Mar,3.8224
1934,May,1.9204166666666664
1934,Nov,7.34
1934,Oct,4.9181481481481475
1934,Sep,1.8361538461538462
1935,Apr,1.8017391304347825
1935,Aug,0.6459259259259262
1935,Dec,4.532
1935,Feb,2.812857142857143
1935,Jan,7.8888
1935,Jul,0.885217391304348
1935,Jun,1.4203999999999999
1935,Mar,4.921153846153846
1935,May,0.6507999999999998
1935,Nov,2.5317857142857143
1935,Oct,2.210384615384615
1935,Sep,1.3396000000000001
1936,Apr,1.0165217391304349
1936,Aug,0.6003846153846153
1936,Dec,6.515925925925926
1936,Feb,5.299565217391304
1936,Jan,7.945384615384616
1936,Jul,0.9096000000000002
1936,Jun,3.505217391304348
1936,Mar,3.154074074074074
1936,May,3.0874074074074076
1936,Nov,0.6677777777777774
1936,Oct,0.7523076923076921
1936,Sep,1.5515384615384613
1937,Apr,5.718518518518518
1937,Aug,1.4764000000000002
1937,Dec,7.157727272727272
1937,Feb,5.910384615384615
1937,Jan,2.8508
1937,Jul,0.5145833333333334
1937,Jun,4.293214285714286
1937,Mar,3.0385185185185186
1937,May,1.4835714285714285
1937,Nov,9.701153846153847
1937,Oct,2.966296296296296
1937,Sep,1.6262962962962964
1938,Apr,2.3366666666666664
1938,Aug,0.3454545454545461
1938,Dec,4.759130434782609
1938,Feb,3.513809523809524
1938,Jan,3.6254545454545455
1938,Jul,0.39652173913043454
1938,Jun,0.7043478260869565
1938,Mar,4.233809523809524
1938,May,1.2834782608695652
1938,Nov,3.6630434782608696
1938,Oct,3.8404761904761906
1938,Sep,0.9651999999999998
1939,Apr,0.8312499999999998
1939,Aug,0.6277272727272734
1939,Dec,8.9632
1939,Feb,4.586190476190477
1939,Jan,4.5442857142857145
1939,Jul,0.5926315789473682
1939,Jun,1.5145454545454546
1939,Mar,2.3509523809523807
1939,May,1.3317391304347825
1939,Nov,2.8108
1939,Oct,2.3695833333333334
1939,Sep,0.8419047619047619
1940,Apr,2.79625
1940,Aug,0.4152631578947368
1940,Dec,5.238846153846154
1940,Feb,8.75423076923077
1940,Jan,3.0208
1940,Jul,1.1127272727272728
1940,Jun,0.4147826086956523
1940,Mar,3.6599999999999997
1940,May,1.6903703703703703
1940,Nov,3.9055555555555554
1940,Oct,5.28888888888889
1940,Sep,2.042692307692308
1941,Apr,1.85
1941,Aug,2.3214814814814813
1941,Dec,7.210384615384616
1941,Feb,2.3251999999999997
1941,Jan,4.7996
1941,Jul,0.37375000000000025
1941,Jun,2.0852
1941,Mar,1.628076923076923
1941,May,4.281153846153846
1941,Nov,4.1456
1941,Oct,3.004074074074074
1941,Sep,3.7188461538461537
1942,Apr,2.135
1942,Aug,0.3662962962962961
1942,Dec,5.7072
1942,Feb,3.088846153846154
1942,Jan,3.1811538461538458
1942,Jul,1.2618518518518518
1942,Jun,3.177037037037037
1942,Mar,2.0237037037037036
1942,May,3.060769230769231
1942,Nov,8.071153846153846
1942,Oct,3.2507407407407407
1942,Sep,0.20666666666666655
1943,Apr,3.240357142857143
1943,Aug,1.342692307692308
1943,Dec,3.7192857142857143
1943,Feb,3.6044444444444443
1943,Jan,2.850769230769231
1943,Jul,0.5985185185185187
1943,Jun,1.865925925925926
1943,Mar,4.089285714285714
1943,May,1.7084615384615387
1943,Nov,1.9679310344827585
1943,Oct,4.99
1943,Sep,0.42481481481481476
1944,Apr,3.1814814814814816
1944,Aug,0.4088000000000003
1944,Dec,2.0140740740740743
1944,Feb,3.2096296296296294
1944,Jan,3.8969230769230774
1944,Jul,0.30100000000000016
1944,Jun,1.4692857142857143
1944,Mar,2.1114814814814813
1944,May,1.5777777777777777
1944,Nov,5.57037037037037
1944,Oct,1.8758620689655172
1944,Sep,2.0960714285714284
1945,Apr,2.647037037037037
1945,Aug,0.45285714285714285
1945,Dec,5.950689655172414
1945,Feb,4.967407407407408
1945,Jan,5.052222222222222
1945,Jul,0.3027272727272732
1945,Jun,0.7872413793103448
1945,Mar,5.225769230769231
1945,May,2.981034482758621
1945,Nov,6.444999999999999
1945,Oct,2.4346428571428573
1945,Sep,3.0324137931034483
1946,Apr,2.7676
1946,Aug,0.35928571428571443
1946,Dec,5.328571428571428
1946,Feb,5.493448275862069
1946,Jan,6.001
1946,Jul,0.7913793103448277
1946,Jun,3.2403703703703703
1946,Mar,4.207857142857143
1946,May,0.9989285714285714
1946,Nov,5.901538461538461
1946,Oct,4.021111111111111
1946,Sep,1.521111111111111
1947,Apr,2.472857142857143
1947,Aug,0.5519230769230772
1947,Dec,5.383333333333334
1947,Feb,3.3651612903225807
1947,Jan,4.9944827586206895
1947,Jul,1.2757142857142856
1947,Jun,2.8610344827586207
1947,Mar,2.8064285714285715
1947,May,0.593793103448276
1947,Nov,3.9745161290322577
1947,Oct,7.64551724137931
1947,Sep,1.7831034482758619
1948,Apr,3.4966666666666666
1948,Aug,1.818125
1948,Dec,6.9984375
1948,Feb,5.713928571428571
1948,Jan,4.149285714285715
1948,Jul,1.4461290322580644
1948,Jun,2.4403448275862067
1948,Mar,2.7583333333333333
1948,May,5.7928
1948,Nov,6.482903225806451
1948,Oct,2.318275862068966
1948,Sep,2.7306451612903224
1949,Apr,1.4506451612903226
1949,Aug,0.5754838709677417
1949,Dec,6.356774193548387
1949,Feb,6.482333333333333
1949,Jan,1.0793548387096774
1949,Jul,0.8369230769230769
1949,Jun,0.8941935483870966
1949,Mar,2.983125
1949,May,1.2918749999999999
1949,Nov,6.2948387096774185
1949,Oct,3.049677419354839
1949,Sep,1.3840000000000001
1950,Apr,2.9190625
1950,Aug,1.1567857142857143
1950,Dec,6.6778125
1950,Feb,6.025666666666667
1950,Jan,5.417
1950,Jul,0.9538709677419355
1950,Jun,1.5978125
1950,Mar,5.637666666666666
1950,May,1.2434375
1950,Nov,6.0815625
1950,Oct,6.655483870967742
1950,Sep,1.0154838709677418
1951,Apr,0.8333333333333335
1951,Aug,0.8296874999999999
1951,Dec,5.216060606060606
1951,Feb,5.516969696969697
1951,Jan,6.80030303030303
1951,Jul,0.3435483870967744
1951,Jun,0.8345454545454545
1951,Mar,3.736666666666667
1951,May,1.6318181818181818
1951,Nov,5.185757575757576
1951,Oct,5.667575757575758
1951,Sep,1.8839393939393938
1952,Apr,1.580625
1952,Aug,0.700344827586207
1952,Dec,6.329696969696969
1952,Feb,3.02
1952,Jan,4.62969696969697
1952,Jul,0.3560714285714286
1952,Jun,2.0542424242424246
1952,Mar,3.1009375
1952,May,1.1781818181818182
1952,Nov,1.424375
1952,Oct,0.9510000000000001
1952,Sep,0.5754545454545452
1953,Apr,2.2475757575757576
1953,Aug,1.5666666666666667
1953,Dec,6.589393939393939
1953,Feb,3.099375
1953,Jan,12.1478125
1953,Jul,0.4639130434782608
1953,Jun,1.97
1953,Mar,3.315757575757576
1953,May,2.426875
1953,Nov,5.626060606060606
1953,Oct,3.0566666666666666
1953,Sep,1.2975862068965518
1954,Apr,2.231818181818182
1954,Aug,1.7925
1954,Dec,4.689333333333334
1954,Feb,4.6096875
1954,Jan,7.861818181818181
1954,Jul,1.17
1954,Jun,2.383030303030303
1954,Mar,2.18969696969697
1954,May,1.5006060606060607
1954,Nov,6.001290322580645
1954,Oct,2.0715625
1954,Sep,1.6312121212121211
1955,Apr,3.402
1955,Aug,0.10999999999999988
1955,Dec,7.5906666666666665
1955,Feb,3.1073333333333335
1955,Jan,2.8940625
1955,Jul,2.0583870967741937
1955,Jun,1.4913333333333334
1955,Mar,2.937
1955,May,1.483448275862069
1955,Nov,7.142258064516129
1955,Oct,5.39741935483871
1955,Sep,1.526451612903226
1956,Apr,0.6282142857142858
1956,Aug,1.2581249999999997
1956,Dec,5.0721875
1956,Feb,3.5286666666666666
1956,Jan,7.153870967741935
1956,Jul,0.49225806451612897
1956,Jun,2.698125
1956,Mar,5.079354838709678
1956,May,0.96
1956,Nov,1.8553125
1956,Oct,5.17
1956,Sep,1.8675
1957,Apr,1.9196969696969697
1957,Aug,0.9175
1957,Dec,6.056451612903226
1957,Feb,4.05125
1957,Jan,2.673548387096774
1957,Jul,0.8912121212121211
1957,Jun,1.6654545454545455
1957,Mar,5.153548387096774
1957,May,2.034848484848485
1957,Nov,2.814516129032258
1957,Oct,3.1803125
1957,Sep,0.6903030303030304
1958,Apr,3.1232258064516127
1958,Aug,0.4225806451612897
1958,Dec,5.4625
1958,Feb,5.324375
1958,Jan,5.38516129032258
1958,Jul,0.3817241379310343
1958,Jun,1.6666666666666667
1958,Mar,2.0284375
1958,May,0.9615624999999997
1958,Nov,6.696969696969697
1958,Oct,3.1754545454545458
1958,Sep,1.1684375
1959,Apr,2.7006060606060607
1959,Aug,0.915757575757576
1959,Dec,4.548235294117647
1959,Feb,3.324411764705882
1959,Jan,6.951818181818182
1959,Jul,0.45470588235294107
1959,Jun,1.711470588235294
1959,Mar,3.7154545454545453
1959,May,2.131875
1959,Nov,5.392857142857143
1959,Oct,3.5326470588235295
1959,Sep,4.1905882352941175
1960,Apr,3.5044117647058823
1960,Aug,1.9211428571428575
1960,Dec,3.173529411764706
1960,Feb,4.4282352941176475
1960,Jan,4.171714285714286
1960,Jul,0.03149999999999986
1960,Jun,0.8667647058823529
1960,Mar,4.1568571428571435
1960,May,3.7859999999999996
1960,Nov,7.2371428571428575
1960,Oct,3.6399999999999997
1960,Sep,1.004
1961,Apr,2.871176470588235
1961,Aug,0.8248571428571427
1961,Dec,5.730882352941176
1961,Feb,9.00542857142857
1961,Jan,5.8
1961,Jul,0.604848484848485
1961,Jun,0.8734285714285717
1961,Mar,5.380571428571429
1961,May,2.5860000000000003
1961,Nov,4.340857142857143
1961,Oct,3.565714285714286
1961,Sep,0.9579411764705883
1962,Apr,3.121714285714286
1962,Aug,1.8985714285714286
1962,Dec,4.216285714285714
1962,Feb,2.583030303030303
1962,Jan,2.793235294117647
1962,Jul,0.40290322580645155
1962,Jun,1.068
1962,Mar,3.5774285714285714
1962,May,2.5377142857142854
1962,Nov,7.7788571428571425
1962,Oct,3.7225714285714284
1962,Sep,1.9585714285714284
1963,Apr,3.283529411764706
1963,Aug,1.1673529411764703
1963,Dec,4.5442857142857145
1963,Feb,4.432857142857143
1963,Jan,1.7905714285714287
1963,Jul,1.2985714285714285
1963,Jun,1.438
1963,Mar,3.563529411764706
1963,May,1.6903030303030304
1963,Nov,6.842
1963,Oct,3.7774285714285716
1963,Sep,1.3437142857142856
1964,Apr,2.033823529411765
1964,Aug,1.5802857142857143
1964,Dec,7.570571428571429
1964,Feb,1.8905882352941177
1964,Jan,8.466857142857142
1964,Jul,1.045
1964,Jun,2.4402857142857144
1964,Mar,4.005428571428571
1964,May,1.2811764705882354
1964,Nov,6.227647058823529
1964,Oct,1.5359999999999998
1964,Sep,1.8185294117647057
1965,Apr,2.5905882352941174
1965,Aug,1.7444117647058823
1965,Dec,5.221470588235295
1965,Feb,3.5606060606060606
1965,Jan,6.864848484848484
1965,Jul,0.6245714285714286
1965,Jun,0.7211764705882353
1965,Mar,0.631470588235294
1965,May,1.7411764705882353
1965,Nov,4.963529411764705
1965,Oct,2.162941176470588
1965,Sep,0.605588235294118
1966,Apr,1.3670967741935482
1966,Aug,0.6529032258064515
1966,Dec,7.947142857142857
1966,Feb,2.7077142857142857
1966,Jan,5.693428571428572
1966,Jul,1.444
1966,Jun,1.5445714285714287
1966,Mar,4.897142857142858
1966,May,1.2979411764705884
1966,Nov,5.49
1966,Oct,2.995714285714286
1966,Sep,1.3731428571428572
1967,Apr,2.4865714285714287
1967,Aug,0.08115384615384613
1967,Dec,5.5125
1967,Feb,3.3334375
1967,Jan,8.178285714285714
1967,Jul,0.1806666666666663
1967,Jun,1.2679411764705881
1967,Mar,4.206
1967,May,1.1337142857142857
1967,Nov,2.712121212121212
1967,Oct,6.376666666666666
1967,Sep,0.9550000000000001
1968,Apr,2.1115625000000002
1968,Aug,3.182058823529412
1968,Dec,7.384857142857142
1968,Feb,4.7075000000000005
1968,Jan,5.675151515151514
1968,Jul,0.6421874999999999
1968,Jun,2.1639999999999997
1968,Mar,3.8990625
1968,May,1.9311764705882353
1968,Nov,5.5667647058823535
1968,Oct,4.462058823529412
1968,Sep,2.18
1969,Apr,3.3891176470588236
1969,Aug,0.3838709677419354
1969,Dec,6.218285714285713
1969,Feb,3.273529411764706
1969,Jan,6.347714285714286
1969,Jul,0.41848484848484846
1969,Jun,1.493142857142857
1969,Mar,2.0575757575757576
1969,May,1.858
1969,Nov,2.5494285714285714
1969,Oct,2.2342857142857144
1969,Sep,3.3585714285714285
1970,Apr,3.563529411764706
1970,Aug,0.2693548387096776
1970,Dec,7.5920000000000005
1970,Feb,3.104
1970,Jan,8.216285714285714
1970,Jul,0.5475757575757578
1970,Jun,0.871142857142857
1970,Mar,2.7084848484848485
1970,May,1.2232352941176472
1970,Nov,4.993428571428572
1970,Oct,3.2785714285714285
1970,Sep,2.283823529411765
1971,Apr,2.2123529411764706
1971,Aug,0.7297142857142855
1971,Dec,7.255428571428571
1971,Feb,3.599411764705882
1971,Jan,7.821999999999999
1971,Jul,0.7111764705882355
1971,Jun,2.3020588235294115
1971,Mar,5.966857142857143
1971,May,1.694
1971,Nov,4.961142857142857
1971,Oct,3.038235294117647
1971,Sep,2.785428571428571
1972,Apr,3.8777142857142857
1972,Aug,0.9802941176470588
1972,Dec,7.627878787878788
1972,Feb,5.790857142857143
1972,Jan,6.548529411764706
1972,Jul,1.2725714285714285
1972,Jun,1.711470588235294
1972,Mar,5.531428571428571
1972,May,1.394
1972,Nov,3.811142857142857
1972,Oct,0.8658823529411768
1972,Sep,2.741142857142857
1973,Apr,1.2838235294117646
1973,Aug,0.39363636363636356
1973,Dec,9.289444444444445
1973,Feb,1.5997142857142859
1973,Jan,4.282857142857143
1973,Jul,0.17645161290322564
1973,Jun,1.9757575757575758
1973,Mar,2.53
1973,May,2.0642424242424244
1973,Nov,9.34
1973,Oct,3.3366666666666664
1973,Sep,2.399142857142857
1974,Apr,3.498484848484848
1974,Aug,0.2076470588235293
1974,Dec,7.196857142857143
1974,Feb,5.208857142857143
1974,Jan,8.584857142857143
1974,Jul,2.073714285714286
1974,Jun,1.2694285714285714
1974,Mar,5.788285714285714
1974,May,2.5745714285714287
1974,Nov,5.7165625
1974,Oct,1.0275757575757574
1974,Sep,0.47124999999999995
1975,Apr,2.105714285714286
1975,Aug,3.0858823529411765
1975,Dec,8.522285714285713
1975,Feb,4.825882352941177
1975,Jan,7.175142857142857
1975,Jul,0.714
1975,Jun,1.406764705882353
1975,Mar,3.799142857142857
1975,May,1.9348571428571428
1975,Nov,6.274444444444445
1975,Oct,7.225882352941177
1975,Sep,0.11433333333333318
1976,Apr,2.076111111111111
1976,Aug,2.5824324324324324
1976,Dec,2.3135135135135134
1976,Feb,5.176571428571429
1976,Jan,5.977777777777778
1976,Jul,1.042972972972973
1976,Jun,1.1605555555555556
1976,Mar,3.636111111111111
1976,May,1.9302777777777775
1976,Nov,1.3444444444444443
1976,Oct,1.6235135135135135
1976,Sep,0.8105714285714285
1977,Apr,1.1375757575757575
1977,Aug,2.728108108108108
1977,Dec,8.214571428571428
1977,Feb,2.5445945945945945
1977,Jan,1.5681081081081083
1977,Jul,0.6588888888888889
1977,Jun,1.0105405405405405
1977,Mar,4.188918918918919
1977,May,3.162972972972973
1977,Nov,6.594324324324324
1977,Oct,2.266
1977,Sep,2.9556756756756757
1978,Apr,3.4572222222222226
1978,Aug,2.233783783783784
1978,Dec,3.0362162162162165
1978,Feb,3.4608333333333334
1978,Jan,4.357297297297297
1978,Jul,1.3151351351351352
1978,Jun,1.4408333333333332
1978,Mar,2.598648648648649
1978,May,2.640810810810811
1978,Nov,3.3741176470588234
1978,Oct,0.7630303030303032
1978,Sep,3.8466666666666662
1979,Apr,2.3808333333333334
1979,Aug,1.1475675675675676
1979,Dec,8.405675675675676
1979,Feb,6.826486486486487
1979,Jan,1.872972972972973
1979,Jul,1.100857142857143
1979,Jun,0.797222222222222
1979,Mar,2.216111111111111
1979,May,1.756470588235294
1979,Nov,2.6275675675675676
1979,Oct,4.192222222222223
1979,Sep,1.7925714285714287
1980,Apr,2.8067567567567564
1980,Aug,0.8572972972972974
1980,Dec,7.5344444444444445
1980,Feb,5.7636111111111115
1980,Jan,4.931176470588235
1980,Jul,0.6581250000000001
1980,Jun,1.9891176470588234
1980,Mar,3.221111111111111
1980,May,2.104857142857143
1980,Nov,6.848888888888889
1980,Oct,1.3885714285714286
1980,Sep,2.009722222222222
1981,Apr,3.4866666666666664
1981,Aug,0.32735294117647085
1981,Dec,8.024242424242425
1981,Feb,5.532777777777778
1981,Jan,2.0352777777777775
1981,Jul,0.9943243243243243
1981,Jun,3.154166666666667
1981,Mar,2.8311111111111114
1981,May,2.4737837837837837
1981,Nov,4.898333333333333
1981,Oct,4.8988571428571435
1981,Sep,2.471388888888889
1982,Apr,3.67945945945946
1982,Aug,0.8629729729729729
1982,Dec,7.226285714285715
1982,Feb,6.357837837837838
1982,Jan,6.8129729729729736
1982,Jul,1.1355555555555557
1982,Jun,1.3080555555555555
1982,Mar,3.7
1982,May,0.7958333333333334
1982,Nov,4.726756756756757
1982,Oct,4.608333333333333
1982,Sep,2.0925
1983,Apr,1.9819444444444443
1983,Aug,1.407027027027027
1983,Dec,4.743428571428572
1983,Feb,6.415405405405405
1983,Jan,6.868648648648648
1983,Jul,2.686486486486486
1983,Jun,2.5997222222222223
1983,Mar,5.755
1983,May,1.5502777777777779
1983,Nov,10.654324324324325
1983,Oct,1.6045945945945945
1983,Sep,1.8772972972972972
1984,Apr,3.2940540540540537
1984,Aug,0.5347058823529411
1984,Dec,4.334
1984,Feb,4.167777777777777
1984,Jan,4.795405405405406
1984,Jul,0.20566666666666666
1984,Jun,2.9416216216216218
1984,Mar,4.338918918918918
1984,May,4.147222222222222
1984,Nov,8.785142857142858
1984,Oct,3.6340540540540545
1984,Sep,1.8355555555555556
1985,Apr,2.1537142857142855
1985,Aug,0.9977142857142858
1985,Dec,1.7027777777777777
1985,Feb,2.9258333333333333
1985,Jan,0.5017142857142858
1985,Jul,0.23911764705882366
1985,Jun,1.8372222222222225
1985,Mar,3.283333333333333
1985,May,1.455
1985,Nov,4.071875
1985,Oct,5.331666666666667
1985,Sep,2.332222222222222
1986,Apr,2.4786486486486488
1986,Aug,0.1655882352941176
1986,Dec,3.704864864864865
1986,Feb,5.45945945945946
1986,Jan,7.004324324324325
1986,Jul,1.0935135135135134
1986,Jun,0.8938888888888887
1986,Mar,3.173333333333334
1986,May,2.4886486486486485
1986,Nov,6.837027027027027
1986,Oct,2.576111111111111
1986,Sep,2.868611111111111
1987,Apr,2.0352777777777775
1987,Aug,0.5482857142857145
1987,Dec,7.208611111111111
1987,Feb,3.1544444444444446
1987,Jan,5.208648648648649
1987,Jul,1.2177142857142855
1987,Jun,0.6902777777777778
1987,Mar,5.07
1987,May,2.5316216216216216
1987,Nov,3.03972972972973
1987,Oct,0.28156250000000016
1987,Sep,0.515625
1988,Apr,3.411891891891892
1988,Aug,0.3765624999999999
1988,Dec,3.9722857142857144
1988,Feb,2.039705882352941
1988,Jan,3.944054054054054
1988,Jul,0.7025714285714284
1988,Jun,1.7394594594594595
1988,Mar,4.5418918918918925
1988,May,3.044705882352941
1988,Nov,8.094857142857142
1988,Oct,1.8127777777777778
1988,Sep,1.6767567567567567
1989,Apr,2.2256756756756757
1989,Aug,1.4988571428571429
1989,Dec,3.2597297297297296
1989,Feb,2.868648648648649
1989,Jan,4.497027027027028
1989,Jul,0.9355555555555557
1989,Jun,1.027027027027027
1989,Mar,5.667222222222223
1989,May,2.281388888888889
1989,Nov,5.304444444444445
1989,Oct,2.999142857142857
1989,Sep,0.34363636363636374
1990,Apr,2.630810810810811
1990,Aug,1.6375000000000002
1990,Dec,4.597575757575758
1990,Feb,5.787222222222223
1990,Jan,8.260540540540541
1990,Jul,0.7883333333333331
1990,Jun,2.69027027027027
1990,Mar,2.7435135135135136
1990,May,2.7333333333333334
1990,Nov,8.299117647058823
1990,Oct,5.557428571428571
1990,Sep,0.21764705882352953
1991,Apr,4.331388888888889
1991,Aug,1.9797297297297298
1991,Dec,3.8855882352941182
1991,Feb,4.601081081081081
1991,Jan,4.194857142857143
1991,Jul,0.5886486486486486
1991,Jun,1.9402702702702705
1991,Mar,3.623142857142857
1991,May,2.6224324324324324
1991,Nov,6.6575
1991,Oct,1.466388888888889
1991,Sep,0.19218750000000018
1992,Apr,4.03081081081081
1992,Aug,0.7588571428571429
1992,Dec,4.489722222222222
1992,Feb,3.282222222222222
1992,Jan,6.589428571428571
1992,Jul,1.3047222222222221
1992,Jun,1.636
1992,Mar,1.0537142857142858
1992,May,0.47742857142857176
1992,Nov,5.3886111111111115
1992,Oct,2.3658333333333332
1992,Sep,1.8343243243243244
1993,Apr,5.108888888888888
1993,Aug,0.7030555555555553
1993,Dec,6.0525
1993,Feb,0.6567567567567569
1993,Jan,3.55
1993,Jul,2.18972972972973
1993,Jun,2.445
1993,Mar,3.7350000000000003
1993,May,3.083030303030303
1993,Nov,2.000277777777778
1993,Oct,1.3881081081081081
1993,Sep,0.26242424242424267
1994,Apr,2.612972972972973
1994,Aug,0.4328124999999998
1994,Dec,7.2817647058823525
1994,Feb,5.153428571428572
1994,Jan,3.9536111111111114
1994,Jul,0.5464516129032257
1994,Jun,1.823243243243243
1994,Mar,2.9724324324324325
1994,May,1.7682857142857142
1994,Nov,6.598333333333333
1994,Oct,4.897142857142858
1994,Sep,1.2875
1995,Apr,3.0275
1995,Aug,1.569090909090909
1995,Dec,7.162058823529412
1995,Feb,3.867714285714286
1995,Jan,6.19
1995,Jul,1.1135294117647059
1995,Jun,1.9000000000000001
1995,Mar,5.1488571428571435
1995,May,1.25
1995,Nov,9.8675
1995,Oct,4.448857142857143
1995,Sep,1.6379411764705882
1996,Apr,5.484166666666667
1996,Aug,0.6259999999999999
1996,Dec,10.6865625
1996,Feb,7.185714285714286
1996,Jan,6.192058823529412
1996,Jul,0.6745945945945948
1996,Jun,1.1008333333333333
1996,Mar,1.8658333333333335
1996,May,3.2447222222222223
1996,Nov,6.2696875
1996,Oct,5.462285714285715
1996,Sep,1.9708333333333334
1997,Apr,3.591666666666667
1997,Aug,1.1152777777777778
1997,Dec,4.237575757575757
1997,Feb,3.036756756756757
1997,Jan,6.484411764705882
1997,Jul,1.484
1997,Jun,2.5502857142857143
1997,Mar,7.340857142857143
1997,May,2.618108108108108
1997,Nov,4.189444444444444
1997,Oct,6.6005714285714285
1997,Sep,3.4825
1998,Apr,1.365263157894737
1998,Aug,0.23028571428571443
1998,Dec,9.258648648648649
1998,Feb,4.46081081081081
1998,Jan,8.130882352941176
1998,Jul,0.9415789473684208
1998,Jun,1.4630555555555556
1998,Mar,3.773513513513514
1998,May,3.1815789473684206
1998,Nov,9.67162162162162
1998,Oct,2.5762162162162165
1998,Sep,0.6516216216216217
1999,Apr,1.45
1999,Aug,1.1017142857142859
1999,Dec,6.811944444444445
1999,Feb,9.82
1999,Jan,7.1811428571428575
1999,Jul,0.8782352941176468
1999,Jun,1.898787878787879
1999,Mar,4.24972972972973
1999,May,2.136857142857143
1999,Nov,7.621944444444444
1999,Oct,3.0280555555555555
1999,Sep,0.32451612903225824
2000,Apr,2.1102777777777777
2000,Aug,0.436666666666667
2000,Dec,3.1517142857142857
2000,Feb,3.838108108108108
2000,Jan,5.456285714285714
2000,Jul,0.6276470588235297
2000,Jun,2.1728571428571426
2000,Mar,3.3786842105263153
2000,May,2.7994285714285714
2000,Nov,2.6208823529411767
2000,Oct,2.9850000000000003
2000,Sep,1.7416666666666667
2001,Apr,2.9974358974358974
2001,Aug,1.5135897435897436
2001,Dec,7.416571428571428
2001,Feb,1.8326315789473684
2001,Jan,2.7558333333333334
2001,Jul,0.694864864864865
2001,Jun,2.345
2001,Mar,3.092631578947368
2001,May,1.7797297297297296
2001,Nov,7.158055555555555
2001,Oct,3.7048648648648643
2001,Sep,0.7642105263157895
2002,Apr,2.6007692307692305
2002,Aug,0.3082857142857143
2002,Dec,6.719722222222222
2002,Feb,3.554324324324324
2002,Jan,6.800263157894736
2002,Jul,0.4874999999999998
2002,Jun,1.6786842105263158
2002,Mar,3.646578947368421
2002,May,1.7729729729729733
2002,Nov,3.4252777777777776
2002,Oct,0.6194444444444445
2002,Sep,0.7332432432432432
2003,Apr,3.5710526315789473
2003,Aug,0.3088571428571427
2003,Dec,5.348055555555556
2003,Feb,2.0081081081081082
2003,Jan,7.515555555555555
2003,Jul,0.18562499999999993
2003,Jun,0.4726470588235294
2003,Mar,6.386923076923077
2003,May,1.3423076923076924
2003,Nov,5.140882352941176
2003,Oct,5.063428571428571
2003,Sep,1.0383783783783784
2004,Apr,1.393888888888889
2004,Aug,3.208157894736842
2004,Dec,4.7041176470588235
2004,Feb,3.191388888888889
2004,Jan,5.522571428571428
2004,Jul,0.3688888888888888
2004,Jun,1.4328947368421054
2004,Mar,2.7191891891891893
2004,May,2.7597368421052635
2004,Nov,3.2083783783783786
2004,Oct,3.5248648648648646
2004,Sep,2.3981081081081084
2005,Apr,3.465135135135135
2005,Aug,0.5481818181818183
2005,Dec,6.758484848484849
2005,Feb,0.9905882352941178
2005,Jan,3.9482857142857144
2005,Jul,1.049705882352941
2005,Jun,1.9440000000000002
2005,Mar,4.256578947368421
2005,May,3.28
2005,Nov,5.25939393939394
2005,Oct,3.865142857142857
2005,Sep,1.078125
2006,Apr,2.501842105263158
2006,Aug,0.19586206896551728
2006,Dec,6.198285714285714
2006,Feb,2.929736842105263
2006,Jan,11.438484848484848
2006,Jul,0.4055882352941178
2006,Jun,1.871388888888889
2006,Mar,3.2688888888888887
2006,May,2.0285714285714285
2006,Nov,12.511470588235294
2006,Oct,1.5
2006,Sep,1.1369444444444445
2007,Apr,1.821578947368421
2007,Aug,0.6367567567567569
2007,Dec,7.502857142857144
2007,Feb,4.204594594594594
2007,Jan,4.231515151515152
2007,Jul,1.201081081081081
2007,Jun,1.5689189189189188
2007,Mar,4.420285714285715
2007,May,1.2425000000000002
2007,Nov,3.5105714285714287
2007,Oct,3.8208333333333337
2007,Sep,1.2294444444444443
2008,Apr,1.9741666666666666
2008,Aug,1.8594285714285714
2008,Dec,4.094516129032258
2008,Feb,2.9752941176470586
2008,Jan,5.1621875
2008,Jul,0.40500000000000025
2008,Jun,1.8480555555555553
2008,Mar,3.8021621621621624
2008,May,1.505135135135135
2008,Nov,5.8555882352941175
2008,Oct,1.9360000000000002
2008,Sep,0.6637142857142857
2009,Apr,2.4425714285714286
2009,Aug,0.7729032258064517
2009,Dec,2.806285714285714
2009,Feb,1.6986486486486487
2009,Jan,5.018055555555556
2009,Jul,0.5442857142857145
2009,Jun,0.7999999999999998
2009,Mar,4.095405405405406
2009,May,2.564375
2009,Nov,6.866060606060606
2009,Oct,4.2716666666666665
2009,Sep,1.3440625
2010,Apr,3.3123684210526316
2010,Aug,0.4933333333333336
2010,Dec,7.062571428571428
2010,Feb,3.3922222222222222
2010,Jan,6.098787878787879
2010,Jul,0.3958823529411766
2010,Jun,2.927142857142857
2010,Mar,3.342368421052632
2010,May,3.8427027027027028
2010,Nov,5.264838709677419
2010,Oct,3.902222222222222
2010,Sep,3.192647058823529
2011,Apr,4.105428571428571
2011,Aug,0.2265625
2011,Dec,3.008055555555556
2011,Feb,3.9884375
2011,Jan,5.439411764705882
2011,Jul,1.0930555555555557
2011,Jun,1.3443749999999999
2011,Mar,7.767647058823531
2011,May,3.724848484848485
2011,Nov,5.6571428571428575
2011,Oct,3.0782857142857143
2011,Sep,1.5161764705882355
2012,Apr,3.382
2012,Aug,0.08999999999999986
2012,Dec,7.89970588235294
2012,Feb,4.071428571428571
2012,Jan,5.2945714285714285
2012,Jul,1.15875
2012,Jun,3.350909090909091
2012,Mar,7.668787878787879
2012,May,2.258709677419355
2012,Nov,7.017666666666667
2012,Oct,5.7975
2012,Sep,0.13172413793103432
2013,Apr,3.6399999999999997
2013,Aug,1.2051612903225806
2013,Dec,2.199
2013,Feb,2.3162857142857143
2013,Jan,3.475757575757576
2013,Jul,0.11230769230769244
2013,Jun,1.887878787878788
2013,Mar,3.1883870967741936
2013,May,2.704848484848485
2013,Nov,3.4367741935483873
2013,Oct,1.238787878787879
2013,Sep,5.2
2014,Apr,3.7403125
2014,Aug,1.1470588235294117
2014,Dec,5.905
2014,Feb,4.916451612903225
2014,Jan,3.5928125
2014,Jul,0.6694594594594596
2014,Jun,1.4196969696969697
2014,Mar,6.862058823529412
2014,May,2.3930555555555557
2014,Nov,5.358285714285714
2014,Oct,5.6251428571428574
2014,Sep,1.7175
2015,Apr,1.7821212121212122
2015,Aug,1.3275
2015,Dec,10.661142857142856
2015,Feb,4.091714285714286
2015,Jan,4.795999999999999
2015,Jul,0.4134375000000001
2015,Jun,0.5376470588235294
2015,Mar,4.074848484848485
2015,May,1.1454545454545453
2015,Nov,6.626
2015,Oct,3.4316216216216215
2015,Sep,1.2737837837837838
2016,Apr,1.4416216216216218
2016,Aug,0.36108108108108095
2016,Dec,4.671714285714286
2016,Feb,4.735555555555555
2016,Jan,6.506216216216216
2016,Jul,0.9072222222222224
2016,Jun,1.5984615384615386
2016,Mar,6.853142857142857
2016,May,1.2713513513513512
2016,Nov,7.2081081081081075
2016,Oct,9.513333333333334
2016,Sep,1.551891891891892
2017,Apr,4.510882352941176
2017,Aug,0.14406249999999998
2017,Dec,5.047941176470588
2017,Feb,6.538333333333333
2017,Jan,3.6055882352941175
2017,Jul,0.06666666666666687
2017,Jun,1.5563888888888888
2017,Mar,8.181714285714285
2017,May,2.4442857142857144
2017,Nov,8.717812499999999
2017,Oct,4.212285714285715
2017,Sep,1.296857142857143
2018,Apr,5.338571428571428
2018,Aug,0.35687500000000005
2018,Dec,6.805882352941176
2018,Feb,3.298235294117647
2018,Jan,7.423529411764706
2018,Jul,0.10666666666666647
2018,Jun,1.328918918918919
2018,Mar,3.0627027027027025
2018,May,0.8940000000000001
2018,Nov,4.876060606060606
2018,Oct,3.471290322580645
2018,Sep,1.8258064516129033
2019,Apr,3.131081081081081
2019,Aug,0.7771052631578947
2019,Dec,5.390000000000001
2019,Feb,3.615142857142857
2019,Jan,4.261764705882353
2019,Jul,0.8963888888888891
2019,Jun,0.7252777777777779
2019,Mar,1.3061764705882353
2019,May,1.3794285714285714
2019,Nov,1.5828571428571427
2019,Oct,3.358
2019,Sep,3.3103125
2020,Apr,1.3324324324324326
2020,Aug,0.5690624999999998
2020,Dec,5.9790909090909095
2020,Feb,4.679459459459459
2020,Jan,11.07470588235294
2020,Jul,0.4651612903225808
2020,Jun,2.4216666666666664
2020,Mar,2.6580555555555554
2020,May,3.315294117647059
2020,Nov,6.4090625
2020,Oct,3.368648648648649
2020,Sep,2.159736842105263
2021,Apr,0.8185294117647057
2021,Aug,0.42606060606060625
2021,Dec,6.185
2021,Feb,5.059428571428572
2021,Jan,7.518529411764706
2021,Jul,0.05250000000000021
2021,Jun,1.486470588235294
2021,Mar,2.725142857142857
2021,May,1.0621212121212122
2021,Nov,9.028055555555556
2021,Oct,4.8542424242424245
2021,Sep,2.8028571428571425
2022,Apr,4.184333333333333
2022,Aug,0.23519999999999985
2022,Dec,2.953705001613767
2022,Feb,2.8703225806451615
2022,Jan,6.86741935483871
2022,Jul,0.4889655172413794
2022,Jun,3.390333333333333
2022,Mar,3.477272727272727
2022,May,4.1271875
2022,Nov,2.953705001613767
2022,Oct,2.953705001613767
2022,Sep,0.34347826086956523
