Year,Month,Snowfall (inches)
1899,Apr,20.0
1899,Aug,30.0
1899,Dec,10.0
1899,Feb,-12.999999999999998
1899,Jan,-6.999999999999998
1899,Jul,33.0
1899,Jun,32.0
1899,Mar,15.0
1899,May,27.0
1899,Nov,28.0
1899,Oct,13.0
1899,Season,14.100009474274248
1899,Sep,27.0
1900,Apr,20.0
1900,Aug,38.0
1900,Dec,5.0
1900,Feb,-7.999999999999998
1900,Jan,9.0
1900,Jul,35.0
1900,Jun,31.0
1900,Mar,21.0
1900,May,29.0
1900,Nov,-5.999999999999998
1900,Oct,26.0
1900,Season,14.100009474274248
1900,Sep,28.0
1901,Apr,22.0
1901,Aug,38.0
1901,Dec,9.0
1901,Feb,6.0
1901,Jan,8.0
1901,Jul,35.0
1901,Jun,31.0
1901,Mar,19.0
1901,May,27.0
1901,Nov,26.0
1901,Oct,24.0
1901,Season,14.100009474274248
1901,Sep,22.0
1902,Apr,25.0
1902,Aug,35.0
1902,Dec,3.0
1902,Feb,5.0
1902,Jan,-10.999999999999998
1902,Jul,34.0
1902,Jun,30.0
1902,Mar,19.0
1902,May,28.0
1902,Nov,18.0
1902,Oct,24.0
1902,Season,14.100009474274248
1902,Sep,26.0
1903,Apr,21.0
1903,Aug,35.0
1903,Dec,13.0
1903,Feb,-8.999999999999998
1903,Jan,8.0
1903,Jul,36.0
1903,Jun,35.0
1903,Mar,11.0
1903,May,20.0
1903,Nov,10.0
1903,Oct,24.0
1903,Season,14.100009474274248
1903,Sep,25.0
1904,Apr,21.0
1904,Aug,30.0
1904,Dec,17.0
1904,Feb,4.0
1904,Jan,7.0
1904,Jul,38.0
1904,Jun,28.0
1904,Mar,4.0
1904,May,26.0
1904,Nov,22.0
1904,Oct,24.0
1904,Season,14.100009474274248
1904,Sep,25.0
1905,Apr,20.0
1905,Aug,33.0
1905,Dec,5.0
1905,Feb,-12.999999999999998
1905,Jan,-5.999999999999998
1905,Jul,39.0
1905,Jun,35.0
1905,Mar,23.0
1905,May,24.0
1905,Nov,18.0
1905,Oct,12.0
1905,Season,14.100009474274248
1905,Sep,25.0
1906,Apr,18.0
1906,Aug,35.0
1906,Dec,12.0
1906,Feb,11.0
1906,Jan,5.0
1906,Jul,42.0
1906,Jun,29.0
1906,Mar,0.0
1906,May,26.0
1906,Nov,15.0
1906,Oct,19.0
1906,Season,14.100009474274248
1906,Sep,25.0
1907,Apr,20.0
1907,Aug,31.0
1907,Dec,11.0
1907,Feb,11.0
1907,Jan,-15.999999999999998
1907,Jul,34.0
1907,Jun,32.0
1907,Mar,17.0
1907,May,26.0
1907,Nov,17.0
1907,Oct,22.0
1907,Season,14.100009474274248
1907,Sep,25.0
1908,Apr,22.0
1908,Aug,30.0
1908,Dec,5.0
1908,Feb,-14.999999999999998
1908,Jan,-10.999999999999998
1908,Jul,30.0
1908,Jun,31.0
1908,Mar,18.0
1908,May,28.0
1908,Nov,14.0
1908,Oct,23.0
1908,Season,14.100009474274248
1908,Sep,18.0
1909,Apr,16.0
1909,Aug,28.0
1909,Dec,-3.9999999999999982
1909,Feb,4.0
1909,Jan,-24.0
1909,Jul,33.0
1909,Jun,25.0
1909,Mar,16.0
1909,May,23.0
1909,Nov,10.0
1909,Oct,23.0
1909,Season,14.100009474274248
1909,Sep,26.0
1910,Apr,25.0
1910,Aug,23.0
1910,Dec,14.0
1910,Feb,0.0
1910,Jan,-7.999999999999998
1910,Jul,34.0
1910,Jun,30.0
1910,Mar,9.0
1910,May,28.0
1910,Nov,14.0
1910,Oct,17.0
1910,Season,14.100009474274248
1910,Sep,25.0
1911,Apr,17.0
1911,Aug,34.0
1911,Dec,13.0
1911,Feb,1.0
1911,Jan,3.0
1911,Jul,37.0
1911,Jun,34.0
1911,Mar,4.0
1911,May,25.0
1911,Nov,8.0
1911,Oct,12.0
1911,Season,14.100009474274248
1911,Sep,23.0
1912,Apr,27.5
1912,Aug,35.5
1912,Dec,16.0
1912,Feb,12.0
1912,Jan,-9.999999999999998
1912,Jul,38.5
1912,Jun,35.0
1912,Mar,10.0
1912,May,32.0
1912,Nov,22.5
1912,Oct,24.5
1912,Season,14.100009474274248
1912,Sep,29.0
1913,Apr,23.0
1913,Aug,35.0
1913,Dec,18.5
1913,Feb,5.5
1913,Jan,4.0
1913,Jul,37.0
1913,Jun,35.0
1913,Mar,7.5
1913,May,29.5
1913,Nov,23.0
1913,Oct,25.5
1913,Season,14.100009474274248
1913,Sep,30.0
1914,Apr,24.0
1914,Aug,37.5
1914,Dec,1.0
1914,Feb,9.5
1914,Jan,21.0
1914,Jul,34.0
1914,Jun,31.0
1914,Mar,21.5
1914,May,29.5
1914,Nov,19.0
1914,Oct,31.0
1914,Season,14.100009474274248
1914,Sep,34.0
1915,Apr,26.0
1915,Aug,41.5
1915,Dec,3.0
1915,Feb,16.0
1915,Jan,3.5
1915,Jul,38.5
1915,Jun,35.5
1915,Mar,25.0
1915,May,30.0
1915,Nov,13.5
1915,Oct,27.5
1915,Season,14.100009474274248
1915,Sep,29.0
1916,Apr,25.0
1916,Aug,36.5
1916,Dec,5.0
1916,Feb,11.0
1916,Jan,-7.499999999999998
1916,Jul,38.5
1916,Jun,32.5
1916,Mar,21.0
1916,May,26.5
1916,Nov,9.0
1916,Oct,17.0
1916,Season,14.100009474274248
1916,Sep,28.0
1917,Apr,21.0
1917,Aug,35.0
1917,Dec,7.0
1917,Feb,14.5
1917,Jan,-3.9999999999999982
1917,Jul,35.5
1917,Jun,31.0
1917,Mar,16.0
1917,May,26.0
1917,Nov,22.5
1917,Oct,19.5
1917,Season,14.100009474274248
1917,Sep,28.5
1918,Apr,20.5
1918,Aug,31.0
1918,Dec,11.0
1918,Feb,10.0
1918,Jan,11.0
1918,Jul,34.0
1918,Jun,30.0
1918,Mar,16.0
1918,May,29.5
1918,Nov,21.0
1918,Oct,26.5
1918,Season,14.100009474274248
1918,Sep,27.0
1919,Apr,24.0
1919,Aug,36.0
1919,Dec,-13.499999999999998
1919,Feb,13.5
1919,Jan,20.0
1919,Jul,36.0
1919,Jun,25.0
1919,Mar,23.5
1919,May,25.5
1919,Nov,13.0
1919,Oct,14.5
1919,Season,14.100009474274248
1919,Sep,21.0
1920,Apr,25.5
1920,Aug,37.0
1920,Dec,22.0
1920,Feb,9.0
1920,Jan,10.0
1920,Jul,39.5
1920,Jun,32.0
1920,Mar,18.0
1920,May,28.0
1920,Nov,17.0
1920,Oct,24.5
1920,Season,14.100009474274248
1920,Sep,35.5
1921,Apr,22.5
1921,Aug,38.5
1921,Dec,18.0
1921,Feb,11.0
1921,Jan,9.0
1921,Jul,37.0
1921,Jun,37.5
1921,Mar,23.5
1921,May,28.5
1921,Nov,18.0
1921,Oct,22.5
1921,Season,14.100009474274248
1921,Sep,28.0
1922,Apr,24.0
1922,Aug,39.0
1922,Dec,-15.999999999999998
1922,Feb,1.0
1922,Jan,-8.499999999999998
1922,Jul,39.5
1922,Jun,36.5
1922,Mar,12.5
1922,May,27.0
1922,Nov,17.0
1922,Oct,26.5
1922,Season,14.100009474274248
1922,Sep,34.0
1923,Apr,26.0
1923,Aug,39.0
1923,Dec,-3.9999999999999982
1923,Feb,14.100009474274248
1923,Jan,14.100009474274248
1923,Jul,45.0
1923,Jun,30.0
1923,Mar,20.0
1923,May,28.0
1923,Nov,22.0
1923,Oct,19.0
1923,Season,14.100009474274248
1923,Sep,29.0
1924,Apr,18.0
1924,Aug,34.5
1924,Dec,-3.9999999999999982
1924,Feb,15.0
1924,Jan,-19.0
1924,Jul,39.0
1924,Jun,37.0
1924,Mar,19.0
1924,May,26.0
1924,Nov,19.0
1924,Oct,22.0
1924,Season,14.100009474274248
1924,Sep,30.0
1925,Apr,28.0
1925,Aug,33.0
1925,Dec,25.5
1925,Feb,25.0
1925,Jan,14.0
1925,Jul,43.0
1925,Jun,35.5
1925,Mar,23.5
1925,May,31.5
1925,Nov,18.5
1925,Oct,27.0
1925,Season,14.100009474274248
1925,Sep,35.0
1926,Apr,28.0
1926,Aug,38.0
1926,Dec,-1.9999999999999982
1926,Feb,22.0
1926,Jan,21.0
1926,Jul,37.0
1926,Jun,38.0
1926,Mar,22.0
1926,May,28.5
1926,Nov,23.5
1926,Oct,25.0
1926,Season,14.100009474274248
1926,Sep,20.0
1927,Apr,19.0
1927,Aug,41.5
1927,Dec,1.0
1927,Feb,15.0
1927,Jan,-6.499999999999998
1927,Jul,41.5
1927,Jun,39.5
1927,Mar,25.0
1927,May,28.5
1927,Nov,26.0
1927,Oct,27.5
1927,Season,14.100009474274248
1927,Sep,34.5
1928,Apr,24.0
1928,Aug,38.5
1928,Dec,9.0
1928,Feb,26.0
1928,Jan,20.0
1928,Jul,43.0
1928,Jun,37.0
1928,Mar,17.0
1928,May,29.0
1928,Nov,23.0
1928,Oct,24.5
1928,Season,14.100009474274248
1928,Sep,31.0
1929,Apr,23.5
1929,Aug,36.5
1929,Dec,18.0
1929,Feb,-12.499999999999998
1929,Jan,-3.9999999999999982
1929,Jul,38.0
1929,Jun,31.0
1929,Mar,24.0
1929,May,30.5
1929,Nov,11.0
1929,Oct,24.5
1929,Season,14.100009474274248
1929,Sep,28.0
1930,Apr,26.5
1930,Aug,38.0
1930,Dec,20.0
1930,Feb,17.5
1930,Jan,0.0
1930,Jul,38.5
1930,Jun,33.5
1930,Mar,19.0
1930,May,27.0
1930,Nov,18.0
1930,Oct,23.0
1930,Season,14.100009474274248
1930,Sep,32.0
1931,Apr,25.0
1931,Aug,37.0
1931,Dec,6.5
1931,Feb,19.0
1931,Jan,19.0
1931,Jul,37.0
1931,Jun,37.0
1931,Mar,19.0
1931,May,32.0
1931,Nov,6.5
1931,Oct,23.5
1931,Season,14.100009474274248
1931,Sep,29.5
1932,Apr,28.5
1932,Aug,42.0
1932,Dec,0.0
1932,Feb,-1.0
1932,Jan,10.0
1932,Jul,41.5
1932,Jun,36.5
1932,Mar,18.5
1932,May,29.0
1932,Nov,22.5
1932,Oct,28.0
1932,Season,14.100009474274248
1932,Sep,29.5
1933,Apr,24.0
1933,Aug,36.0
1933,Dec,25.5
1933,Feb,-7.999999999999998
1933,Jan,12.5
1933,Jul,37.5
1933,Jun,32.0
1933,Mar,19.5
1933,May,29.5
1933,Nov,27.0
1933,Oct,27.0
1933,Season,14.100009474274248
1933,Sep,28.0
1934,Apr,27.0
1934,Aug,40.0
1934,Dec,26.0
1934,Feb,28.0
1934,Jan,17.5
1934,Jul,40.5
1934,Jun,38.0
1934,Mar,23.0
1934,May,30.5
1934,Nov,27.0
1934,Oct,26.5
1934,Season,14.100009474274248
1934,Sep,28.5
1935,Apr,18.5
1935,Aug,38.0
1935,Dec,19.0
1935,Feb,17.0
1935,Jan,-6.499999999999998
1935,Jul,41.0
1935,Jun,37.0
1935,Mar,18.5
1935,May,28.5
1935,Nov,9.5
1935,Oct,21.0
1935,Season,14.100009474274248
1935,Sep,29.5
1936,Apr,19.0
1936,Aug,39.5
1936,Dec,19.5
1936,Feb,-2.9999999999999982
1936,Jan,6.5
1936,Jul,40.0
1936,Jun,39.5
1936,Mar,17.0
1936,May,33.5
1936,Nov,11.5
1936,Oct,28.0
1936,Season,14.100009474274248
1936,Sep,29.5
1937,Apr,25.5
1937,Aug,34.5
1937,Dec,19.5
1937,Feb,6.5
1937,Jan,-9.499999999999998
1937,Jul,42.0
1937,Jun,33.5
1937,Mar,22.0
1937,May,27.5
1937,Nov,24.5
1937,Oct,29.5
1937,Season,14.100009474274248
1937,Sep,30.5
1938,Apr,22.5
1938,Aug,32.0
1938,Dec,14.0
1938,Feb,18.0
1938,Jan,17.5
1938,Jul,43.0
1938,Jun,31.5
1938,Mar,20.5
1938,May,29.0
1938,Nov,15.0
1938,Oct,23.0
1938,Season,14.100009474274248
1938,Sep,37.0
1939,Apr,25.0
1939,Aug,37.0
1939,Dec,18.5
1939,Feb,14.5
1939,Jan,22.0
1939,Jul,38.0
1939,Jun,34.5
1939,Mar,22.0
1939,May,29.5
1939,Nov,26.0
1939,Oct,24.0
1939,Season,14.100009474274248
1939,Sep,32.0
1940,Apr,26.5
1940,Aug,40.0
1940,Dec,8.0
1940,Feb,16.5
1940,Jan,15.5
1940,Jul,42.0
1940,Jun,39.0
1940,Mar,25.0
1940,May,30.5
1940,Nov,15.0
1940,Oct,27.5
1940,Season,14.100009474274248
1940,Sep,33.0
1941,Apr,28.5
1941,Aug,42.0
1941,Dec,14.0
1941,Feb,19.0
1941,Jan,18.5
1941,Jul,43.0
1941,Jun,40.5
1941,Mar,18.5
1941,May,29.5
1941,Nov,22.0
1941,Oct,28.0
1941,Season,14.100009474274248
1941,Sep,33.0
1942,Apr,31.0
1942,Aug,42.0
1942,Dec,18.0
1942,Feb,15.5
1942,Jan,1.0
1942,Jul,45.5
1942,Jun,36.5
1942,Mar,21.5
1942,May,14.100009474274248
1942,Nov,23.0
1942,Oct,23.5
1942,Season,14.100009474274248
1942,Sep,31.5
1943,Apr,29.0
1943,Aug,14.100009474274248
1943,Dec,20.0
1943,Feb,17.5
1943,Jan,-7.499999999999998
1943,Jul,38.0
1943,Jun,37.0
1943,Mar,16.5
1943,May,31.5
1943,Nov,23.0
1943,Oct,27.0
1943,Season,14.100009474274248
1943,Sep,33.5
1944,Apr,27.0
1944,Aug,37.0
1944,Dec,5.5
1944,Feb,18.5
1944,Jan,13.0
1944,Jul,39.0
1944,Jun,34.5
1944,Mar,15.0
1944,May,28.0
1944,Nov,21.0
1944,Oct,29.5
1944,Season,14.100009474274248
1944,Sep,32.5
1945,Apr,26.0
1945,Aug,34.0
1945,Dec,10.0
1945,Feb,19.0
1945,Jan,17.0
1945,Jul,35.0
1945,Jun,33.0
1945,Mar,18.0
1945,May,33.5
1945,Nov,10.0
1945,Oct,21.0
1945,Season,14.100009474274248
1945,Sep,27.0
1946,Apr,20.0
1946,Aug,32.0
1946,Dec,4.0
1946,Feb,17.0
1946,Jan,15.5
1946,Jul,41.0
1946,Jun,14.100009474274248
1946,Mar,20.0
1946,May,24.0
1946,Nov,14.0
1946,Oct,14.100009474274248
1946,Season,14.100009474274248
1946,Sep,23.0
1947,Apr,29.5
1947,Aug,37.0
1947,Dec,17.0
1947,Feb,14.5
1947,Jan,-4.999999999999998
1947,Jul,38.0
1947,Jun,37.0
1947,Mar,19.0
1947,May,33.0
1947,Nov,22.0
1947,Oct,27.0
1947,Season,14.100009474274248
1947,Sep,33.0
1948,Apr,18.0
1948,Aug,39.0
1948,Dec,1.5
1948,Feb,-5.999999999999998
1948,Jan,-2.9999999999999982
1948,Jul,37.0
1948,Jun,40.0
1948,Mar,16.0
1948,May,27.0
1948,Nov,19.0
1948,Oct,18.0
1948,Season,14.100009474274248
1948,Sep,28.0
1949,Apr,27.0
1949,Aug,36.5
1949,Dec,0.0
1949,Feb,-1.0
1949,Jan,-6.499999999999998
1949,Jul,39.0
1949,Jun,35.0
1949,Mar,23.5
1949,May,28.0
1949,Nov,25.0
1949,Oct,16.0
1949,Season,14.100009474274248
1949,Sep,28.0
1950,Apr,22.0
1950,Aug,39.0
1950,Dec,15.0
1950,Feb,-17.5
1950,Jan,-33.0
1950,Jul,38.0
1950,Jun,31.0
1950,Mar,14.0
1950,May,28.0
1950,Nov,15.0
1950,Oct,23.0
1950,Season,14.100009474274248
1950,Sep,30.0
1951,Apr,16.0
1951,Aug,40.0
1951,Dec,9.0
1951,Feb,14.5
1951,Jan,-2.4999999999999982
1951,Jul,41.0
1951,Jun,37.5
1951,Mar,15.5
1951,May,31.5
1951,Nov,19.0
1951,Oct,22.5
1951,Season,14.100009474274248
1951,Sep,34.0
1952,Apr,21.5
1952,Aug,38.0
1952,Dec,20.5
1952,Feb,16.0
1952,Jan,-3.4999999999999982
1952,Jul,35.5
1952,Jun,32.5
1952,Mar,19.5
1952,May,26.0
1952,Nov,13.5
1952,Oct,26.0
1952,Season,14.100009474274248
1952,Sep,32.0
1953,Apr,23.0
1953,Aug,42.5
1953,Dec,23.5
1953,Feb,17.5
1953,Jan,22.5
1953,Jul,41.0
1953,Jun,37.5
1953,Mar,21.0
1953,May,32.0
1953,Nov,20.5
1953,Oct,25.5
1953,Season,14.100009474274248
1953,Sep,33.5
1954,Apr,25.5
1954,Aug,40.0
1954,Dec,24.0
1954,Feb,18.0
1954,Jan,0.5
1954,Jul,40.0
1954,Jun,34.0
1954,Mar,17.0
1954,May,23.0
1954,Nov,31.0
1954,Oct,25.0
1954,Season,14.100009474274248
1954,Sep,31.0
1955,Apr,29.0
1955,Aug,43.0
1955,Dec,19.0
1955,Feb,22.0
1955,Jan,25.0
1955,Jul,44.0
1955,Jun,41.0
1955,Mar,10.0
1955,May,35.0
1955,Nov,6.0
1955,Oct,33.0
1955,Season,14.100009474274248
1955,Sep,36.0
1956,Apr,25.0
1956,Aug,40.0
1956,Dec,5.0
1956,Feb,12.0
1956,Jan,12.0
1956,Jul,40.5
1956,Jun,32.0
1956,Mar,20.0
1956,May,30.5
1956,Nov,17.5
1956,Oct,32.0
1956,Season,14.100009474274248
1956,Sep,32.0
1957,Apr,28.0
1957,Aug,39.5
1957,Dec,13.0
1957,Feb,7.0
1957,Jan,-10.999999999999998
1957,Jul,42.0
1957,Jun,41.0
1957,Mar,24.0
1957,May,37.0
1957,Nov,17.5
1957,Oct,25.0
1957,Season,14.100009474274248
1957,Sep,30.5
1958,Apr,28.5
1958,Aug,43.5
1958,Dec,20.0
1958,Feb,23.0
1958,Jan,18.0
1958,Jul,43.0
1958,Jun,40.5
1958,Mar,16.0
1958,May,30.5
1958,Nov,10.0
1958,Oct,25.5
1958,Season,14.100009474274248
1958,Sep,33.0
1959,Apr,25.5
1959,Aug,35.0
1959,Dec,19.5
1959,Feb,16.5
1959,Jan,0.0
1959,Jul,40.0
1959,Jun,37.5
1959,Mar,22.5
1959,May,29.0
1959,Nov,12.0
1959,Oct,29.0
1959,Season,14.100009474274248
1959,Sep,36.0
1960,Apr,27.5
1960,Aug,36.0
1960,Dec,13.0
1960,Feb,11.0
1960,Jan,4.0
1960,Jul,41.5
1960,Jun,36.0
1960,Mar,11.0
1960,May,29.0
1960,Nov,19.5
1960,Oct,26.5
1960,Season,14.100009474274248
1960,Sep,31.5
1961,Apr,22.0
1961,Aug,44.0
1961,Dec,11.0
1961,Feb,25.0
1961,Jan,13.5
1961,Jul,41.0
1961,Jun,37.5
1961,Mar,18.0
1961,May,31.0
1961,Nov,10.0
1961,Oct,25.5
1961,Season,14.100009474274248
1961,Sep,29.0
1962,Apr,28.0
1962,Aug,39.0
1962,Dec,12.0
1962,Feb,4.5
1962,Jan,-3.9999999999999982
1962,Jul,37.0
1962,Jun,37.0
1962,Mar,16.0
1962,May,28.5
1962,Nov,20.5
1962,Oct,28.5
1962,Season,14.100009474274248
1962,Sep,33.0
1963,Apr,26.5
1963,Aug,36.5
1963,Dec,11.0
1963,Feb,20.0
1963,Jan,-1.5000000000000018
1963,Jul,38.5
1963,Jun,39.5
1963,Mar,22.0
1963,May,25.0
1963,Nov,18.5
1963,Oct,22.0
1963,Season,14.100009474274248
1963,Sep,35.5
1964,Apr,24.5
1964,Aug,39.5
1964,Dec,-7.999999999999998
1964,Feb,19.5
1964,Jan,17.0
1964,Jul,42.0
1964,Jun,37.0
1964,Mar,19.5
1964,May,28.5
1964,Nov,23.0
1964,Oct,25.0
1964,Season,14.100009474274248
1964,Sep,31.5
1965,Apr,26.5
1965,Aug,34.5
1965,Dec,13.5
1965,Feb,21.5
1965,Jan,15.0
1965,Jul,43.0
1965,Jun,36.5
1965,Mar,13.5
1965,May,28.5
1965,Nov,24.5
1965,Oct,29.5
1965,Season,14.100009474274248
1965,Sep,28.5
1966,Apr,24.5
1966,Aug,37.0
1966,Dec,23.0
1966,Feb,14.5
1966,Jan,9.0
1966,Jul,42.0
1966,Jun,36.0
1966,Mar,16.0
1966,May,30.0
1966,Nov,20.5
1966,Oct,27.0
1966,Season,14.100009474274248
1966,Sep,36.5
1967,Apr,22.5
1967,Aug,43.0
1967,Dec,9.0
1967,Feb,22.0
1967,Jan,22.0
1967,Jul,42.5
1967,Jun,40.0
1967,Mar,19.5
1967,May,33.0
1967,Nov,18.5
1967,Oct,29.0
1967,Season,14.100009474274248
1967,Sep,33.5
1968,Apr,27.0
1968,Aug,42.5
1968,Dec,-12.499999999999998
1968,Feb,16.0
1968,Jan,5.5
1968,Jul,40.5
1968,Jun,39.5
1968,Mar,21.0
1968,May,31.0
1968,Nov,23.5
1968,Oct,26.5
1968,Season,14.100009474274248
1968,Sep,34.0
1969,Apr,30.0
1969,Aug,36.0
1969,Dec,20.0
1969,Feb,15.5
1969,Jan,-1.5000000000000018
1969,Jul,40.0
1969,Jun,42.5
1969,Mar,23.0
1969,May,32.5
1969,Nov,22.0
1969,Oct,20.5
1969,Season,14.100009474274248
1969,Sep,31.0
1970,Apr,25.0
1970,Aug,38.0
1970,Dec,13.0
1970,Feb,22.0
1970,Jan,8.0
1970,Jul,42.0
1970,Jun,38.5
1970,Mar,19.5
1970,May,30.5
1970,Nov,17.0
1970,Oct,21.0
1970,Season,14.100009474274248
1970,Sep,25.0
1971,Apr,25.0
1971,Aug,37.0
1971,Dec,13.0
1971,Feb,16.0
1971,Jan,4.0
1971,Jul,36.0
1971,Jun,36.5
1971,Mar,10.5
1971,May,30.0
1971,Nov,21.0
1971,Oct,19.0
1971,Season,14.100009474274248
1971,Sep,30.5
1972,Apr,24.5
1972,Aug,40.0
1972,Dec,-1.5000000000000018
1972,Feb,-2.4999999999999982
1972,Jan,-4.499999999999998
1972,Jul,40.0
1972,Jun,39.5
1972,Mar,23.0
1972,May,29.5
1972,Nov,25.0
1972,Oct,23.0
1972,Season,14.100009474274248
1972,Sep,25.5
1973,Apr,23.5
1973,Aug,34.0
1973,Dec,21.5
1973,Feb,16.0
1973,Jan,-3.9999999999999982
1973,Jul,39.5
1973,Jun,37.0
1973,Mar,25.0
1973,May,29.0
1973,Nov,20.0
1973,Oct,27.5
1973,Season,14.100009474274248
1973,Sep,30.0
1974,Apr,26.5
1974,Aug,43.0
1974,Dec,16.0
1974,Feb,24.0
1974,Jan,-3.4999999999999982
1974,Jul,40.5
1974,Jun,39.0
1974,Mar,18.0
1974,May,32.5
1974,Nov,23.0
1974,Oct,22.0
1974,Season,14.100009474274248
1974,Sep,31.0
1975,Apr,22.0
1975,Aug,40.0
1975,Dec,15.5
1975,Feb,17.5
1975,Jan,15.5
1975,Jul,45.0
1975,Jun,36.5
1975,Mar,19.0
1975,May,31.0
1975,Nov,13.0
1975,Oct,27.0
1975,Season,14.100009474274248
1975,Sep,33.0
1976,Apr,24.0
1976,Aug,41.5
1976,Dec,19.0
1976,Feb,11.5
1976,Jan,17.5
1976,Jul,38.0
1976,Jun,30.0
1976,Mar,11.5
1976,May,32.0
1976,Nov,15.0
1976,Oct,22.5
1976,Season,14.100009474274248
1976,Sep,33.5
1977,Apr,28.0
1977,Aug,43.0
1977,Dec,2.0
1977,Feb,21.5
1977,Jan,8.0
1977,Jul,39.5
1977,Jun,39.0
1977,Mar,25.5
1977,May,29.5
1977,Nov,8.0
1977,Oct,23.0
1977,Season,14.100009474274248
1977,Sep,34.5
1978,Apr,27.0
1978,Aug,42.0
1978,Dec,-4.999999999999998
1978,Feb,20.5
1978,Jan,9.0
1978,Jul,44.0
1978,Jun,36.5
1978,Mar,21.5
1978,May,33.0
1978,Nov,6.0
1978,Oct,23.5
1978,Season,14.100009474274248
1978,Sep,35.5
1979,Apr,26.0
1979,Aug,45.0
1979,Dec,20.5
1979,Feb,3.0
1979,Jan,-1.9999999999999982
1979,Jul,39.5
1979,Jun,40.0
1979,Mar,14.0
1979,May,34.0
1979,Nov,14.5
1979,Oct,28.0
1979,Season,14.100009474274248
1979,Sep,33.0
1980,Apr,25.5
1980,Aug,32.0
1980,Dec,14.5
1980,Feb,20.5
1980,Jan,-24.0
1980,Jul,40.5
1980,Jun,35.0
1980,Mar,15.0
1980,May,29.0
1980,Nov,25.0
1980,Oct,19.0
1980,Season,14.100009474274248
1980,Sep,36.0
1981,Apr,21.0
1981,Aug,39.5
1981,Dec,13.0
1981,Feb,10.0
1981,Jan,23.5
1981,Jul,37.0
1981,Jun,33.0
1981,Mar,22.0
1981,May,31.5
1981,Nov,16.0
1981,Oct,18.0
1981,Season,14.100009474274248
1981,Sep,32.0
1982,Apr,22.5
1982,Aug,40.0
1982,Dec,9.0
1982,Feb,9.0
1982,Jan,-2.4999999999999982
1982,Jul,42.0
1982,Jun,38.0
1982,Mar,19.5
1982,May,28.5
1982,Nov,15.0
1982,Oct,22.5
1982,Season,14.100009474274248
1982,Sep,33.0
1983,Apr,24.5
1983,Aug,44.5
1983,Dec,-9.999999999999998
1983,Feb,18.5
1983,Jan,15.5
1983,Jul,42.0
1983,Jun,39.0
1983,Mar,27.0
1983,May,22.0
1983,Nov,21.5
1983,Oct,25.5
1983,Season,14.100009474274248
1983,Sep,27.0
1984,Apr,23.0
1984,Aug,40.0
1984,Dec,1.0
1984,Feb,24.0
1984,Jan,6.0
1984,Jul,41.0
1984,Jun,36.5
1984,Mar,25.0
1984,May,28.0
1984,Nov,20.0
1984,Oct,22.5
1984,Season,14.100009474274248
1984,Sep,28.5
1985,Apr,24.0
1985,Aug,38.0
1985,Dec,12.0
1985,Feb,2.5
1985,Jan,8.5
1985,Jul,40.0
1985,Jun,37.0
1985,Mar,21.5
1985,May,27.0
1985,Nov,-6.999999999999998
1985,Oct,22.0
1985,Season,14.100009474274248
1985,Sep,25.5
1986,Apr,24.0
1986,Aug,43.0
1986,Dec,14.5
1986,Feb,7.0
1986,Jan,27.0
1986,Jul,40.5
1986,Jun,39.5
1986,Mar,26.0
1986,May,29.0
1986,Nov,20.0
1986,Oct,28.0
1986,Season,14.100009474274248
1986,Sep,34.0
1987,Apr,28.5
1987,Aug,43.0
1987,Dec,10.5
1987,Feb,19.5
1987,Jan,8.5
1987,Jul,45.5
1987,Jun,38.5
1987,Mar,23.0
1987,May,31.0
1987,Nov,25.0
1987,Oct,21.0
1987,Season,14.100009474274248
1987,Sep,39.0
1988,Apr,27.5
1988,Aug,41.0
1988,Dec,9.5
1988,Feb,9.0
1988,Jan,11.5
1988,Jul,41.0
1988,Jun,37.0
1988,Mar,23.5
1988,May,31.0
1988,Nov,21.0
1988,Oct,20.0
1988,Season,14.100009474274248
1988,Sep,33.0
1989,Apr,30.0
1989,Aug,43.0
1989,Dec,18.0
1989,Feb,-4.999999999999998
1989,Jan,16.5
1989,Jul,38.0
1989,Jun,40.0
1989,Mar,10.5
1989,May,32.0
1989,Nov,24.0
1989,Oct,14.100009474274248
1989,Season,14.100009474274248
1989,Sep,31.0
1990,Apr,32.0
1990,Aug,44.0
1990,Dec,-2.9999999999999982
1990,Feb,1.0
1990,Jan,14.0
1990,Jul,47.5
1990,Jun,43.5
1990,Mar,24.0
1990,May,34.5
1990,Nov,24.0
1990,Oct,30.0
1990,Season,14.100009474274248
1990,Sep,36.0
1991,Apr,29.0
1991,Aug,43.0
1991,Dec,18.0
1991,Feb,26.5
1991,Jan,13.0
1991,Jul,46.0
1991,Jun,37.5
1991,Mar,25.0
1991,May,35.5
1991,Nov,20.5
1991,Oct,20.0
1991,Season,14.100009474274248
1991,Sep,36.0
1992,Apr,28.0
1992,Aug,40.5
1992,Dec,13.5
1992,Feb,25.0
1992,Jan,11.0
1992,Jul,43.0
1992,Jun,36.0
1992,Mar,22.0
1992,May,34.0
1992,Nov,18.5
1992,Oct,28.5
1992,Season,14.100009474274248
1992,Sep,34.0
1993,Apr,30.5
1993,Aug,41.5
1993,Dec,22.5
1993,Feb,11.5
1993,Jan,3.0
1993,Jul,43.0
1993,Jun,41.0
1993,Mar,23.0
1993,May,34.0
1993,Nov,5.5
1993,Oct,30.0
1993,Season,14.100009474274248
1993,Sep,33.0
1994,Apr,33.0
1994,Aug,46.0
1994,Dec,9.5
1994,Feb,7.0
1994,Jan,20.0
1994,Jul,48.5
1994,Jun,39.0
1994,Mar,23.5
1994,May,34.0
1994,Nov,17.0
1994,Oct,31.0
1994,Season,14.100009474274248
1994,Sep,40.5
1995,Apr,28.0
1995,Aug,42.5
1995,Dec,17.0
1995,Feb,9.0
1995,Jan,-2.9999999999999982
1995,Jul,48.5
1995,Jun,41.0
1995,Mar,18.5
1995,May,37.5
1995,Nov,19.0
1995,Oct,22.5
1995,Season,14.100009474274248
1995,Sep,36.5
1996,Apr,29.5
1996,Aug,45.5
1996,Dec,15.5
1996,Feb,-1.5000000000000018
1996,Jan,-2.4999999999999982
1996,Jul,43.0
1996,Jun,42.0
1996,Mar,18.5
1996,May,32.5
1996,Nov,18.5
1996,Oct,21.0
1996,Season,14.100009474274248
1996,Sep,27.0
1997,Apr,26.5
1997,Aug,48.5
1997,Dec,13.0
1997,Feb,17.5
1997,Jan,-1.9999999999999982
1997,Jul,48.5
1997,Jun,45.0
1997,Mar,27.0
1997,May,32.0
1997,Nov,22.5
1997,Oct,24.0
1997,Season,14.100009474274248
1997,Sep,40.0
1998,Apr,26.0
1998,Aug,46.0
1998,Dec,-2.9999999999999982
1998,Feb,24.5
1998,Jan,13.5
1998,Jul,52.5
1998,Jun,41.0
1998,Mar,23.5
1998,May,30.0
1998,Nov,27.0
1998,Oct,28.0
1998,Season,14.100009474274248
1998,Sep,39.5
1999,Apr,22.0
1999,Aug,43.0
1999,Dec,29.0
1999,Feb,21.5
1999,Jan,16.0
1999,Jul,44.0
1999,Jun,39.5
1999,Mar,22.0
1999,May,26.0
1999,Nov,26.0
1999,Oct,21.0
1999,Season,14.100009474274248
1999,Sep,25.0
2000,Apr,34.0
2000,Aug,47.0
2000,Dec,14.100009474274248
2000,Feb,19.5
2000,Jan,11.5
2000,Jul,50.0
2000,Jun,46.0
2000,Mar,25.5
2000,May,42.0
2000,Nov,18.5
2000,Oct,22.0
2000,Season,14.100009474274248
2000,Sep,31.5
2001,Apr,26.0
2001,Aug,14.100009474274248
2001,Dec,20.0
2001,Feb,14.5
2001,Jan,18.5
2001,Jul,48.0
2001,Jun,41.0
2001,Mar,23.5
2001,May,32.5
2001,Nov,26.5
2001,Oct,23.0
2001,Season,14.100009474274248
2001,Sep,30.0
2002,Apr,27.5
2002,Aug,37.0
2002,Dec,25.0
2002,Feb,27.0
2002,Jan,19.5
2002,Jul,14.100009474274248
2002,Jun,40.5
2002,Mar,20.0
2002,May,30.5
2002,Nov,15.0
2002,Oct,14.100009474274248
2002,Season,14.100009474274248
2002,Sep,41.0
2003,Apr,21.0
2003,Aug,44.5
2003,Dec,24.0
2003,Feb,16.5
2003,Jan,21.5
2003,Jul,50.0
2003,Jun,48.0
2003,Mar,27.5
2003,May,26.0
2003,Nov,24.0
2003,Oct,23.5
2003,Season,14.100009474274248
2003,Sep,39.5
2004,Apr,35.0
2004,Aug,51.0
2004,Dec,30.0
2004,Feb,29.0
2004,Jan,20.0
2004,Jul,48.5
2004,Jun,42.5
2004,Mar,32.0
2004,May,37.5
2004,Nov,27.0
2004,Oct,36.0
2004,Season,14.100009474274248
2004,Sep,46.0
2005,Apr,29.0
2005,Aug,51.0
2005,Dec,21.0
2005,Feb,18.0
2005,Jan,23.0
2005,Jul,50.0
2005,Jun,49.0
2005,Mar,29.0
2005,May,44.0
2005,Nov,25.0
2005,Oct,30.0
2005,Season,14.100009474274248
2005,Sep,33.5
2006,Apr,29.5
2006,Aug,48.0
2006,Dec,26.0
2006,Feb,9.5
2006,Jan,25.5
2006,Jul,48.0
2006,Jun,44.5
2006,Mar,24.0
2006,May,32.0
2006,Nov,17.0
2006,Oct,28.0
2006,Season,14.100009474274248
2006,Sep,46.0
2007,Apr,31.0
2007,Aug,14.100009474274248
2007,Dec,26.0
2007,Feb,25.0
2007,Jan,16.0
2007,Jul,14.100009474274248
2007,Jun,46.0
2007,Mar,31.0
2007,May,42.0
2007,Nov,25.0
2007,Oct,31.0
2007,Season,14.100009474274248
2007,Sep,45.0
2008,Apr,30.0
2008,Aug,49.0
2008,Dec,17.0
2008,Feb,30.0
2008,Jan,21.0
2008,Jul,51.0
2008,Jun,46.0
2008,Mar,29.0
2008,May,40.0
2008,Nov,31.0
2008,Oct,33.0
2008,Season,14.100009474274248
2008,Sep,41.0
2009,Apr,30.0
2009,Aug,50.0
2009,Dec,5.0
2009,Feb,27.0
2009,Jan,22.0
2009,Jul,48.0
2009,Jun,49.0
2009,Mar,26.0
2009,May,14.100009474274248
2009,Nov,23.0
2009,Oct,24.5
2009,Season,14.100009474274248
2009,Sep,41.0
2010,Apr,28.5
2010,Aug,42.0
2010,Dec,7.5
2010,Feb,23.5
2010,Jan,25.0
2010,Jul,45.0
2010,Jun,40.5
2010,Mar,24.5
2010,May,33.5
2010,Nov,3.0
2010,Oct,29.5
2010,Season,14.100009474274248
2010,Sep,37.0
2011,Apr,28.0
2011,Aug,39.0
2011,Dec,15.5
2011,Feb,7.0
2011,Jan,8.0
2011,Jul,45.5
2011,Jun,36.0
2011,Mar,21.5
2011,May,32.5
2011,Nov,19.0
2011,Oct,28.0
2011,Season,14.100009474274248
2011,Sep,37.0
2012,Apr,22.0
2012,Aug,39.0
2012,Dec,11.0
2012,Feb,19.5
2012,Jan,15.5
2012,Jul,45.0
2012,Jun,38.5
2012,Mar,23.5
2012,May,27.0
2012,Nov,21.0
2012,Oct,28.5
2012,Season,14.100009474274248
2012,Sep,38.0
2013,Apr,29.5
2013,Aug,44.0
2013,Dec,-3.9999999999999982
2013,Feb,20.0
2013,Jan,1.0
2013,Jul,44.0
2013,Jun,44.0
2013,Mar,19.0
2013,May,26.0
2013,Nov,11.0
2013,Oct,21.0
2013,Season,14.100009474274248
2013,Sep,38.0
2014,Apr,25.0
2014,Aug,45.0
2014,Dec,7.0
2014,Feb,5.0
2014,Jan,16.0
2014,Jul,48.0
2014,Jun,40.0
2014,Mar,24.0
2014,May,33.0
2014,Nov,14.0
2014,Oct,30.0
2014,Season,14.100009474274248
2014,Sep,38.0
2015,Apr,29.0
2015,Aug,39.0
2015,Dec,4.0
2015,Feb,17.0
2015,Jan,7.0
2015,Jul,47.0
2015,Jun,44.0
2015,Mar,19.0
2015,May,32.0
2015,Nov,7.0
2015,Oct,30.0
2015,Season,14.100009474274248
2015,Sep,28.0
2016,Apr,32.0
2016,Aug,41.0
2016,Dec,4.0
2016,Feb,24.5
2016,Jan,7.0
2016,Jul,46.0
2016,Jun,38.5
2016,Mar,22.0
2016,May,39.5
2016,Nov,30.5
2016,Oct,31.0
2016,Season,14.100009474274248
2016,Sep,37.5
2017,Apr,25.0
2017,Aug,39.0
2017,Dec,5.0
2017,Feb,-4.999999999999998
2017,Jan,2.5
2017,Jul,45.0
2017,Jun,40.0
2017,Mar,18.0
2017,May,14.100009474274248
2017,Nov,25.0
2017,Oct,24.0
2017,Season,14.100009474274248
2017,Sep,31.0
2018,Apr,31.5
2018,Aug,42.0
2018,Dec,22.0
2018,Feb,5.0
2018,Jan,14.0
2018,Jul,46.0
2018,Jun,39.5
2018,Mar,25.0
2018,May,36.0
2018,Nov,24.0
2018,Oct,31.5
2018,Season,14.100009474274248
2018,Sep,39.0
2019,Apr,30.5
2019,Aug,48.5
2019,Dec,8.0
2019,Feb,9.0
2019,Jan,18.0
2019,Jul,41.0
2019,Jun,36.0
2019,Mar,-2.9999999999999982
2019,May,27.0
2019,Nov,8.0
2019,Oct,13.0
2019,Season,14.100009474274248
2019,Sep,35.0
2020,Apr,23.0
2020,Aug,44.0
2020,Dec,13.0
2020,Feb,13.0
2020,Jan,4.0
2020,Jul,43.0
2020,Jun,42.5
2020,Mar,13.0
2020,May,30.0
2020,Nov,21.0
2020,Oct,22.0
2020,Season,14.100009474274248
2020,Sep,42.0
2021,Apr,22.0
2021,Aug,38.0
2021,Dec,6.0
2021,Feb,12.0
2021,Jan,22.5
2021,Jul,49.0
2021,Jun,37.0
2021,Mar,22.0
2021,May,36.0
2021,Nov,20.0
2021,Oct,20.0
2021,Season,14.100009474274248
2021,Sep,35.0
2022,Apr,23.0
2022,Aug,45.0
2022,Dec,14.100009474274248
2022,Feb,15.0
2022,Jan,14.100009474274248
2022,Jul,14.100009474274248
2022,Jun,37.0
2022,Mar,17.0
2022,May,36.5
2022,Nov,14.100009474274248
2022,Oct,14.100009474274248
2022,Season,14.100009474274248
2022,Sep,33.0
1890-1891,Apr,14.100009474274248
1890-1891,Aug,14.100009474274248
1890-1891,Dec,14.100009474274248
1890-1891,Feb,14.100009474274248
1890-1891,Jan,14.100009474274248
1890-1891,Jul,14.100009474274248
1890-1891,Jun,14.100009474274248
1890-1891,Mar,14.100009474274248
1890-1891,May,14.100009474274248
1890-1891,Nov,14.100009474274248
1890-1891,Oct,14.100009474274248
1890-1891,Season,14.100009474274248
1890-1891,Sep,14.100009474274248
1891-1892,Apr,14.100009474274248
1891-1892,Aug,14.100009474274248
1891-1892,Dec,14.5
1891-1892,Feb,14.100009474274248
1891-1892,Jan,5.65
1891-1892,Jul,14.100009474274248
1891-1892,Jun,14.100009474274248
1891-1892,Mar,14.100009474274248
1891-1892,May,14.100009474274248
1891-1892,Nov,14.100009474274248
1891-1892,Oct,14.100009474274248
1891-1892,Season,14.100009474274248
1891-1892,Sep,14.100009474274248
1892-1893,Apr,4.0
1892-1893,Aug,14.100009474274248
1892-1893,Dec,14.100009474274248
1892-1893,Feb,31.275
1892-1893,Jan,11.9
1892-1893,Jul,14.100009474274248
1892-1893,Jun,0.0
1892-1893,Mar,8.533333333333333
1892-1893,May,0.0
1892-1893,Nov,14.100009474274248
1892-1893,Oct,14.100009474274248
1892-1893,Season,14.100009474274248
1892-1893,Sep,14.100009474274248
1893-1894,Apr,14.100009474274248
1893-1894,Aug,0.0
1893-1894,Dec,4.700000000000001
1893-1894,Feb,6.540000000000001
1893-1894,Jan,16.6
1893-1894,Jul,0.0
1893-1894,Jun,0.0
1893-1894,Mar,4.65
1893-1894,May,14.100009474274248
1893-1894,Nov,14.0
1893-1894,Oct,14.100009474274248
1893-1894,Season,49.0
1893-1894,Sep,0.0
1894-1895,Apr,1.5999999999999996
1894-1895,Aug,0.0
1894-1895,Dec,15.0
1894-1895,Feb,2.4333333333333336
1894-1895,Jan,13.799999999999999
1894-1895,Jul,0.0
1894-1895,Jun,0.0
1894-1895,Mar,2.674999999999999
1894-1895,May,0.0
1894-1895,Nov,1.833333333333334
1894-1895,Oct,0.5
1894-1895,Season,37.7
1894-1895,Sep,0.0
1895-1896,Apr,0.75
1895-1896,Aug,0.0
1895-1896,Dec,13.375
1895-1896,Feb,1.5
1895-1896,Jan,16.375
1895-1896,Jul,0.0
1895-1896,Jun,0.0
1895-1896,Mar,5.125
1895-1896,May,1.5
1895-1896,Nov,4.033333333333333
1895-1896,Oct,0.0
1895-1896,Season,47.5
1895-1896,Sep,0.0
1896-1897,Apr,0.0
1896-1897,Aug,0.0
1896-1897,Dec,5.975
1896-1897,Feb,19.433333333333334
1896-1897,Jan,10.125
1896-1897,Jul,0.0
1896-1897,Jun,0.0
1896-1897,Mar,8.2
1896-1897,May,0.0
1896-1897,Nov,13.75
1896-1897,Oct,0.0
1896-1897,Season,65.1
1896-1897,Sep,0.0
1897-1898,Apr,0.0
1897-1898,Aug,0.0
1897-1898,Dec,14.62
1897-1898,Feb,4.520000000000001
1897-1898,Jan,4.4399999999999995
1897-1898,Jul,0.0
1897-1898,Jun,0.0
1897-1898,Mar,4.1
1897-1898,May,0.0
1897-1898,Nov,19.066666666666666
1897-1898,Oct,0.0
1897-1898,Season,51.8
1897-1898,Sep,0.0
1898-1899,Apr,0.5
1898-1899,Aug,0.0
1898-1899,Dec,8.66
1898-1899,Feb,11.433333333333332
1898-1899,Jan,17.316666666666666
1898-1899,Jul,0.0
1898-1899,Jun,0.0
1898-1899,Mar,2.6500000000000004
1898-1899,May,0.0
1898-1899,Nov,6.675
1898-1899,Oct,0.0
1898-1899,Season,37.9
1898-1899,Sep,0.0
1899-1900,Apr,0.0
1899-1900,Aug,0.0
1899-1900,Dec,9.766666666666667
1899-1900,Feb,5.0625
1899-1900,Jan,4.9125
1899-1900,Jul,0.0
1899-1900,Jun,0.0
1899-1900,Mar,1.3285714285714292
1899-1900,May,0.0
1899-1900,Nov,0.25
1899-1900,Oct,0.25
1899-1900,Season,10.5
1899-1900,Sep,0.0
1900-1901,Apr,1.4333333333333336
1900-1901,Aug,0.0
1900-1901,Dec,1.2166666666666668
1900-1901,Feb,6.2375
1900-1901,Jan,14.600000000000001
1900-1901,Jul,0.0
1900-1901,Jun,0.0
1900-1901,Mar,4.25
1900-1901,May,0.0
1900-1901,Nov,5.2125
1900-1901,Oct,0.14285714285714235
1900-1901,Season,29.700000000000003
1900-1901,Sep,0.0
1901-1902,Apr,0.11666666666666714
1901-1902,Aug,0.0
1901-1902,Dec,1.9285714285714288
1901-1902,Feb,8.65
1901-1902,Jan,7.0888888888888895
1901-1902,Jul,0.0
1901-1902,Jun,0.0
1901-1902,Mar,0.22499999999999964
1901-1902,May,0.0
1901-1902,Nov,1.8571428571428577
1901-1902,Oct,0.0
1901-1902,Season,11.6
1901-1902,Sep,0.0
1902-1903,Apr,0.35714285714285765
1902-1903,Aug,0.0
1902-1903,Dec,13.957142857142857
1902-1903,Feb,2.3000000000000007
1902-1903,Jan,7.733333333333333
1902-1903,Jul,0.0
1902-1903,Jun,0.0
1902-1903,Mar,5.154545454545454
1902-1903,May,0.0
1902-1903,Nov,2.655555555555555
1902-1903,Oct,0.0
1902-1903,Season,15.700000000000001
1902-1903,Sep,0.0
1903-1904,Apr,0.0
1903-1904,Aug,0.0
1903-1904,Dec,3.277777777777777
1903-1904,Feb,16.9
1903-1904,Jan,8.777777777777779
1903-1904,Jul,0.0
1903-1904,Jun,0.0
1903-1904,Mar,13.0
1903-1904,May,0.0
1903-1904,Nov,9.055555555555555
1903-1904,Oct,0.09999999999999964
1903-1904,Season,24.65
1903-1904,Sep,0.0
1904-1905,Apr,0.0
1904-1905,Aug,0.0
1904-1905,Dec,8.02
1904-1905,Feb,1.1307692307692303
1904-1905,Jan,8.244444444444445
1904-1905,Jul,0.0
1904-1905,Jun,0.0
1904-1905,Mar,0.6909090909090914
1904-1905,May,0.0
1904-1905,Nov,1.4285714285714288
1904-1905,Oct,0.0
1904-1905,Season,7.699999999999999
1904-1905,Sep,0.0
1905-1906,Apr,0.0
1905-1906,Aug,0.0
1905-1906,Dec,8.0
1905-1906,Feb,3.5166666666666675
1905-1906,Jan,7.3875
1905-1906,Jul,0.0
1905-1906,Jun,0.0
1905-1906,Mar,2.387500000000001
1905-1906,May,0.0
1905-1906,Nov,4.127272727272727
1905-1906,Oct,1.25
1905-1906,Season,15.15
1905-1906,Sep,0.0
1906-1907,Apr,0.5
1906-1907,Aug,0.0
1906-1907,Dec,18.642857142857142
1906-1907,Feb,5.4375
1906-1907,Jan,11.025
1906-1907,Jul,0.0
1906-1907,Jun,0.0
1906-1907,Mar,3.5
1906-1907,May,0.0
1906-1907,Nov,1.4749999999999996
1906-1907,Oct,0.0
1906-1907,Season,26.450000000000003
1906-1907,Sep,0.0
1907-1908,Apr,0.40000000000000036
1907-1908,Aug,0.0
1907-1908,Dec,8.157142857142857
1907-1908,Feb,4.83
1907-1908,Jan,9.088888888888889
1907-1908,Jul,0.0
1907-1908,Jun,0.0
1907-1908,Mar,1.9499999999999993
1907-1908,May,0.0
1907-1908,Nov,0.7142857142857135
1907-1908,Oct,0.0
1907-1908,Season,11.049999999999999
1907-1908,Sep,0.0
1908-1909,Apr,1.2599999999999998
1908-1909,Aug,0.0
1908-1909,Dec,7.242857142857143
1908-1909,Feb,11.5625
1908-1909,Jan,20.045454545454547
1908-1909,Jul,0.0
1908-1909,Jun,0.0
1908-1909,Mar,4.425000000000001
1908-1909,May,1.1500000000000004
1908-1909,Nov,1.2799999999999994
1908-1909,Oct,0.7333333333333325
1908-1909,Season,29.1
1908-1909,Sep,0.0
1909-1910,Apr,0.4090909090909083
1909-1910,Aug,0.0
1909-1910,Dec,9.3625
1909-1910,Feb,9.838888888888889
1909-1910,Jan,7.1461538461538465
1909-1910,Jul,0.0
1909-1910,Jun,0.0
1909-1910,Mar,0.0
1909-1910,May,0.0
1909-1910,Nov,4.2142857142857135
1909-1910,Oct,0.0
1909-1910,Season,22.7
1909-1910,Sep,0.0
1910-1911,Apr,1.9285714285714288
1910-1911,Aug,0.0
1910-1911,Dec,4.518181818181818
1910-1911,Feb,10.924999999999999
1910-1911,Jan,9.691666666666666
1910-1911,Jul,0.0
1910-1911,Jun,0.0
1910-1911,Mar,0.9166666666666661
1910-1911,May,0.0
1910-1911,Nov,7.53076923076923
1910-1911,Oct,0.0
1910-1911,Season,11.200000000000001
1910-1911,Sep,0.0
1911-1912,Apr,0.0
1911-1912,Aug,0.0
1911-1912,Dec,13.390909090909092
1911-1912,Feb,2.871428571428572
1911-1912,Jan,12.6
1911-1912,Jul,0.0
1911-1912,Jun,0.0
1911-1912,Mar,2.9700000000000006
1911-1912,May,0.0
1911-1912,Nov,9.246153846153847
1911-1912,Oct,0.0
1911-1912,Season,29.75
1911-1912,Sep,0.0
1912-1913,Apr,0.27777777777777857
1912-1913,Aug,0.0
1912-1913,Dec,10.355555555555556
1912-1913,Feb,7.566666666666666
1912-1913,Jan,27.226666666666667
1912-1913,Jul,0.0
1912-1913,Jun,0.0
1912-1913,Mar,3.0615384615384613
1912-1913,May,0.0
1912-1913,Nov,2.075000000000001
1912-1913,Oct,2.5555555555555554
1912-1913,Season,34.0
1912-1913,Sep,0.0
1913-1914,Apr,1.8833333333333329
1913-1914,Aug,0.0
1913-1914,Dec,9.336363636363636
1913-1914,Feb,7.790000000000001
1913-1914,Jan,11.485714285714286
1913-1914,Jul,0.0
1913-1914,Jun,0.125
1913-1914,Mar,5.688888888888888
1913-1914,May,0.0
1913-1914,Nov,4.863636363636363
1913-1914,Oct,1.5888888888888886
1913-1914,Season,8.5
1913-1914,Sep,0.0
1914-1915,Apr,0.8333333333333339
1914-1915,Aug,0.0
1914-1915,Dec,7.045454545454546
1914-1915,Feb,7.05
1914-1915,Jan,9.415384615384616
1914-1915,Jul,0.0
1914-1915,Jun,0.0
1914-1915,Mar,0.5
1914-1915,May,0.0
1914-1915,Nov,5.042857142857143
1914-1915,Oct,0.0
1914-1915,Season,22.3
1914-1915,Sep,0.0
1915-1916,Apr,1.407692307692308
1915-1916,Aug,0.0
1915-1916,Dec,12.607142857142858
1915-1916,Feb,22.06153846153846
1915-1916,Jan,24.5
1915-1916,Jul,0.0
1915-1916,Jun,0.0
1915-1916,Mar,11.85
1915-1916,May,6.333333333333332
1915-1916,Nov,14.1
1915-1916,Oct,0.0
1915-1916,Season,141.66666666666669
1915-1916,Sep,0.0
1916-1917,Apr,3.333333333333334
1916-1917,Aug,0.0
1916-1917,Dec,11.547058823529412
1916-1917,Feb,11.835714285714285
1916-1917,Jan,11.341176470588236
1916-1917,Jul,0.0
1916-1917,Jun,0.0
1916-1917,Mar,15.041666666666666
1916-1917,May,0.09999999999999964
1916-1917,Nov,7.027272727272727
1916-1917,Oct,0.4285714285714288
1916-1917,Season,120.83333333333331
1916-1917,Sep,0.0
1917-1918,Apr,1.1999999999999993
1917-1918,Aug,0.0
1917-1918,Dec,9.207692307692309
1917-1918,Feb,8.42
1917-1918,Jan,7.0636363636363635
1917-1918,Jul,0.0
1917-1918,Jun,0.0
1917-1918,Mar,3.977777777777778
1917-1918,May,0.375
1917-1918,Nov,1.1923076923076916
1917-1918,Oct,0.16666666666666607
1917-1918,Season,58.4
1917-1918,Sep,0.0
1918-1919,Apr,0.8333333333333339
1918-1919,Aug,0.0
1918-1919,Dec,7.58
1918-1919,Feb,13.758333333333333
1918-1919,Jan,4.5285714285714285
1918-1919,Jul,0.0
1918-1919,Jun,0.0
1918-1919,Mar,7.723076923076923
1918-1919,May,0.44444444444444464
1918-1919,Nov,3.163636363636364
1918-1919,Oct,0.11111111111111072
1918-1919,Season,76.2
1918-1919,Sep,0.0
1919-1920,Apr,5.241666666666665
1919-1920,Aug,0.0
1919-1920,Dec,6.5928571428571425
1919-1920,Feb,1.6799999999999997
1919-1920,Jan,4.715384615384616
1919-1920,Jul,0.0
1919-1920,Jun,0.0
1919-1920,Mar,1.3100000000000005
1919-1920,May,0.25
1919-1920,Nov,7.641666666666667
1919-1920,Oct,2.092307692307692
1919-1920,Season,16.166666666666668
1919-1920,Sep,0.0
1920-1921,Apr,2.3499999999999996
1920-1921,Aug,0.0
1920-1921,Dec,12.909090909090908
1920-1921,Feb,5.258333333333335
1920-1921,Jan,17.754545454545454
1920-1921,Jul,0.0
1920-1921,Jun,0.0
1920-1921,Mar,5.878571428571428
1920-1921,May,0.2727272727272734
1920-1921,Nov,1.3133333333333326
1920-1921,Oct,0.35714285714285765
1920-1921,Season,25.55
1920-1921,Sep,0.0
1921-1922,Apr,5.090909090909092
1921-1922,Aug,0.0
1921-1922,Dec,5.215384615384616
1921-1922,Feb,7.721428571428572
1921-1922,Jan,11.39090909090909
1921-1922,Jul,0.0
1921-1922,Jun,0.0
1921-1922,Mar,7.571428571428571
1921-1922,May,0.375
1921-1922,Nov,11.762500000000001
1921-1922,Oct,0.0
1921-1922,Season,40.825
1921-1922,Sep,0.0
1922-1923,Apr,1.4299999999999997
1922-1923,Aug,0.0
1922-1923,Dec,22.891666666666666
1922-1923,Feb,15.346153846153847
1922-1923,Jan,13.02727272727273
1922-1923,Jul,0.0
1922-1923,Jun,0.0
1922-1923,Mar,1.1999999999999993
1922-1923,May,0.5
1922-1923,Nov,1.9833333333333325
1922-1923,Oct,0.0
1922-1923,Season,53.26666666666667
1922-1923,Sep,0.0
1923-1924,Apr,0.6666666666666661
1923-1924,Aug,0.0
1923-1924,Dec,18.51111111111111
1923-1924,Feb,2.4230769230769234
1923-1924,Jan,7.3
1923-1924,Jul,0.0
1923-1924,Jun,0.0
1923-1924,Mar,6.071428571428571
1923-1924,May,0.0
1923-1924,Nov,1.3428571428571434
1923-1924,Oct,0.0
1923-1924,Season,7.5
1923-1924,Sep,0.0
1924-1925,Apr,0.0
1924-1925,Aug,0.0
1924-1925,Dec,8.56
1924-1925,Feb,2.8066666666666666
1924-1925,Jan,8.607692307692307
1924-1925,Jul,0.0
1924-1925,Jun,0.0
1924-1925,Mar,1.0333333333333332
1924-1925,May,0.0
1924-1925,Nov,11.022222222222222
1924-1925,Oct,1.25
1924-1925,Season,13.666666666666666
1924-1925,Sep,0.0
1925-1926,Apr,1.9333333333333336
1925-1926,Aug,0.0
1925-1926,Dec,3.2642857142857142
1925-1926,Feb,6.475
1925-1926,Jan,4.907142857142857
1925-1926,Jul,0.0
1925-1926,Jun,0.0
1925-1926,Mar,0.07499999999999929
1925-1926,May,0.0
1925-1926,Nov,5.277777777777777
1925-1926,Oct,2.0
1925-1926,Season,8.833333333333334
1925-1926,Sep,0.0
1926-1927,Apr,2.375
1926-1927,Aug,0.0
1926-1927,Dec,7.029411764705882
1926-1927,Feb,10.011111111111111
1926-1927,Jan,9.825000000000001
1926-1927,Jul,0.0
1926-1927,Jun,0.0
1926-1927,Mar,6.155555555555555
1926-1927,May,0.1999999999999993
1926-1927,Nov,2.012500000000001
1926-1927,Oct,0.09999999999999964
1926-1927,Season,16.066666666666666
1926-1927,Sep,0.34999999999999964
1927-1928,Apr,3.25
1927-1928,Aug,0.0
1927-1928,Dec,12.515384615384615
1927-1928,Feb,2.0999999999999996
1927-1928,Jan,9.588888888888889
1927-1928,Jul,0.0
1927-1928,Jun,0.0
1927-1928,Mar,5.9833333333333325
1927-1928,May,0.3333333333333339
1927-1928,Nov,9.1
1927-1928,Oct,0.17999999999999972
1927-1928,Season,14.133333333333333
1927-1928,Sep,0.0
1928-1929,Apr,4.625
1928-1929,Aug,0.0
1928-1929,Dec,14.299999999999999
1928-1929,Feb,5.3100000000000005
1928-1929,Jan,16.33125
1928-1929,Jul,0.0
1928-1929,Jun,0.0
1928-1929,Mar,3.5
1928-1929,May,0.5
1928-1929,Nov,1.0749999999999993
1928-1929,Oct,0.0
1928-1929,Season,19.775
1928-1929,Sep,0.0
1929-1930,Apr,0.0
1929-1930,Aug,0.0
1929-1930,Dec,9.607692307692307
1929-1930,Feb,5.653846153846155
1929-1930,Jan,12.24375
1929-1930,Jul,0.0
1929-1930,Jun,0.0
1929-1930,Mar,5.24
1929-1930,May,0.40000000000000036
1929-1930,Nov,0.40000000000000036
1929-1930,Oct,0.0
1929-1930,Season,23.325
1929-1930,Sep,0.0
1930-1931,Apr,0.75
1930-1931,Aug,0.0
1930-1931,Dec,5.700000000000001
1930-1931,Feb,2.9749999999999996
1930-1931,Jan,5.763636363636364
1930-1931,Jul,0.0
1930-1931,Jun,0.0
1930-1931,Mar,1.1199999999999992
1930-1931,May,0.14285714285714235
1930-1931,Nov,7.808333333333334
1930-1931,Oct,0.7166666666666668
1930-1931,Season,16.875
1930-1931,Sep,0.0
1931-1932,Apr,1.0
1931-1932,Aug,0.0
1931-1932,Dec,15.799999999999999
1931-1932,Feb,7.76111111111111
1931-1932,Jan,12.652380952380952
1931-1932,Jul,0.0
1931-1932,Jun,0.0
1931-1932,Mar,5.395238095238094
1931-1932,May,0.0
1931-1932,Nov,6.786666666666666
1931-1932,Oct,0.16666666666666607
1931-1932,Season,48.03076923076923
1931-1932,Sep,0.0
1932-1933,Apr,3.0272727272727273
1932-1933,Aug,0.0
1932-1933,Dec,9.826315789473684
1932-1933,Feb,10.23
1932-1933,Jan,18.505000000000003
1932-1933,Jul,0.0
1932-1933,Jun,0.0
1932-1933,Mar,3.0
1932-1933,May,0.0
1932-1933,Nov,1.9875000000000007
1932-1933,Oct,0.15714285714285658
1932-1933,Season,49.775
1932-1933,Sep,0.0
1933-1934,Apr,0.44444444444444464
1933-1934,Aug,0.0
1933-1934,Dec,8.616666666666667
1933-1934,Feb,0.382352941176471
1933-1934,Jan,2.846666666666666
1933-1934,Jul,0.0
1933-1934,Jun,0.0
1933-1934,Mar,0.5999999999999996
1933-1934,May,0.0
1933-1934,Nov,0.2764705882352949
1933-1934,Oct,1.0050000000000008
1933-1934,Season,14.233333333333333
1933-1934,Sep,0.0
1934-1935,Apr,1.0238095238095237
1934-1935,Aug,0.0
1934-1935,Dec,10.583333333333334
1934-1935,Feb,2.122727272727273
1934-1935,Jan,14.305555555555555
1934-1935,Jul,0.0
1934-1935,Jun,0.0
1934-1935,Mar,8.35
1934-1935,May,0.0
1934-1935,Nov,2.4190476190476193
1934-1935,Oct,0.5789473684210531
1934-1935,Season,34.154545454545456
1934-1935,Sep,0.2857142857142865
1935-1936,Apr,0.384615384615385
1935-1936,Aug,0.0
1935-1936,Dec,1.42
1935-1936,Feb,12.033333333333333
1935-1936,Jan,8.15
1935-1936,Jul,0.0
1935-1936,Jun,0.0
1935-1936,Mar,6.58125
1935-1936,May,0.0
1935-1936,Nov,1.0062499999999996
1935-1936,Oct,1.125
1935-1936,Season,29.118181818181814
1935-1936,Sep,0.0
1936-1937,Apr,1.7249999999999996
1936-1937,Aug,0.0
1936-1937,Dec,5.319047619047618
1936-1937,Feb,13.580000000000002
1936-1937,Jan,21.05625
1936-1937,Jul,0.0
1936-1937,Jun,0.0
1936-1937,Mar,1.7149999999999999
1936-1937,May,0.0
1936-1937,Nov,0.08823529411764675
1936-1937,Oct,0.0
1936-1937,Season,45.15
1936-1937,Sep,0.0
1937-1938,Apr,0.0
1937-1938,Aug,0.0
1937-1938,Dec,10.217647058823529
1937-1938,Feb,8.78
1937-1938,Jan,5.380000000000001
1937-1938,Jul,0.0
1937-1938,Jun,0.0
1937-1938,Mar,6.907692307692307
1937-1938,May,0.40000000000000036
1937-1938,Nov,4.220000000000001
1937-1938,Oct,0.0
1937-1938,Season,33.15
1937-1938,Sep,0.0
1938-1939,Apr,0.09090909090909172
1938-1939,Aug,0.0
1938-1939,Dec,5.94375
1938-1939,Feb,10.81111111111111
1938-1939,Jan,8.09375
1938-1939,Jul,0.0
1938-1939,Jun,0.0
1938-1939,Mar,5.744999999999999
1938-1939,May,0.0
1938-1939,Nov,4.2666666666666675
1938-1939,Oct,0.0
1938-1939,Season,44.611111111111114
1938-1939,Sep,0.0
1939-1940,Apr,0.07142857142857117
1939-1940,Aug,0.0
1939-1940,Dec,2.5636363636363644
1939-1940,Feb,6.3999999999999995
1939-1940,Jan,7.486666666666666
1939-1940,Jul,0.0
1939-1940,Jun,0.0
1939-1940,Mar,0.8499999999999996
1939-1940,May,0.0
1939-1940,Nov,0.0
1939-1940,Oct,1.0764705882352938
1939-1940,Season,14.75
1939-1940,Sep,0.0
1940-1941,Apr,0.21428571428571352
1940-1941,Aug,0.0
1940-1941,Dec,3.2642857142857142
1940-1941,Feb,1.2312499999999993
1940-1941,Jan,6.12
1940-1941,Jul,0.0
1940-1941,Jun,0.0
1940-1941,Mar,0.07142857142857117
1940-1941,May,0.0
1940-1941,Nov,5.8375
1940-1941,Oct,0.0
1940-1941,Season,23.3125
1940-1941,Sep,0.0
1941-1942,Apr,0.6750000000000007
1941-1942,Aug,0.0
1941-1942,Dec,8.976923076923077
1941-1942,Feb,6.1684210526315795
1941-1942,Jan,3.205263157894736
1941-1942,Jul,0.0
1941-1942,Jun,0.0
1941-1942,Mar,3.8000000000000007
1941-1942,May,0.07142857142857117
1941-1942,Nov,0.4812499999999993
1941-1942,Oct,0.0
1941-1942,Season,12.491666666666667
1941-1942,Sep,0.0
1942-1943,Apr,0.0
1942-1943,Aug,0.0
1942-1943,Dec,12.25
1942-1943,Feb,5.23529411764706
1942-1943,Jan,12.404761904761905
1942-1943,Jul,0.0
1942-1943,Jun,0.0
1942-1943,Mar,0.5384615384615383
1942-1943,May,0.09999999999999964
1942-1943,Nov,8.258823529411766
1942-1943,Oct,0.0
1942-1943,Season,25.4
1942-1943,Sep,0.0
1943-1944,Apr,0.17272727272727195
1943-1944,Aug,0.0
1943-1944,Dec,1.3076923076923084
1943-1944,Feb,4.7631578947368425
1943-1944,Jan,2.8687500000000004
1943-1944,Jul,0.0
1943-1944,Jun,0.0
1943-1944,Mar,1.3307692307692314
1943-1944,May,0.029166666666666785
1943-1944,Nov,0.11250000000000071
1943-1944,Oct,0.27727272727272734
1943-1944,Season,12.509090909090908
1943-1944,Sep,0.0
1944-1945,Apr,0.344444444444445
1944-1945,Aug,0.0
1944-1945,Dec,2.4944444444444454
1944-1945,Feb,2.5555555555555554
1944-1945,Jan,2.395833333333334
1944-1945,Jul,0.0
1944-1945,Jun,0.0
1944-1945,Mar,3.2055555555555557
1944-1945,May,0.0
1944-1945,Nov,1.713636363636363
1944-1945,Oct,0.0
1944-1945,Season,3.8200000000000003
1944-1945,Sep,0.0
1945-1946,Apr,0.08750000000000036
1945-1946,Aug,0.0
1945-1946,Dec,5.736000000000001
1945-1946,Feb,5.654166666666667
1945-1946,Jan,9.91578947368421
1945-1946,Jul,0.0
1945-1946,Jun,0.0
1945-1946,Mar,0.8450000000000006
1945-1946,May,0.0
1945-1946,Nov,4.336363636363638
1945-1946,Oct,0.23600000000000065
1945-1946,Season,12.305263157894737
1945-1946,Sep,0.0
1946-1947,Apr,0.8529411764705888
1946-1947,Aug,0.0
1946-1947,Dec,4.720000000000001
1946-1947,Feb,2.0
1946-1947,Jan,11.765217391304349
1946-1947,Jul,0.0
1946-1947,Jun,0.0
1946-1947,Mar,0.5705882352941174
1946-1947,May,0.0
1946-1947,Nov,9.204166666666667
1946-1947,Oct,0.5800000000000001
1946-1947,Season,29.1
1946-1947,Sep,0.0
1947-1948,Apr,1.615384615384615
1947-1948,Aug,0.0
1947-1948,Dec,4.726086956521739
1947-1948,Feb,6.708695652173914
1947-1948,Jan,5.725
1947-1948,Jul,0.0
1947-1948,Jun,0.0
1947-1948,Mar,3.1812500000000004
1947-1948,May,0.04761904761904745
1947-1948,Nov,0.9919999999999991
1947-1948,Oct,0.0
1947-1948,Season,24.821428571428573
1947-1948,Sep,0.0
1948-1949,Apr,0.041666666666666075
1948-1949,Aug,0.0
1948-1949,Dec,19.133333333333333
1948-1949,Feb,20.50740740740741
1948-1949,Jan,7.374074074074074
1948-1949,Jul,0.0
1948-1949,Jun,0.0
1948-1949,Mar,2.2375000000000007
1948-1949,May,0.0
1948-1949,Nov,5.8125
1948-1949,Oct,0.02173913043478315
1948-1949,Season,52.925000000000004
1948-1949,Sep,0.0
1949-1950,Apr,1.1428571428571423
1949-1950,Aug,0.0
1949-1950,Dec,11.831818181818182
1949-1950,Feb,6.2043478260869565
1949-1950,Jan,39.57692307692308
1949-1950,Jul,0.0
1949-1950,Jun,0.0
1949-1950,Mar,4.216666666666667
1949-1950,May,0.042857142857142705
1949-1950,Nov,0.22222222222222143
1949-1950,Oct,0.061904761904761685
1949-1950,Season,57.4
1949-1950,Sep,0.0
1950-1951,Apr,0.0
1950-1951,Aug,0.0
1950-1951,Dec,5.011538461538462
1950-1951,Feb,7.6000000000000005
1950-1951,Jan,13.7
1950-1951,Jul,0.0
1950-1951,Jun,0.0
1950-1951,Mar,19.16521739130435
1950-1951,May,0.0
1950-1951,Nov,5.822727272727272
1950-1951,Oct,0.16666666666666607
1950-1951,Season,40.415
1950-1951,Sep,0.0
1951-1952,Apr,0.05555555555555536
1951-1952,Aug,0.0
1951-1952,Dec,16.088
1951-1952,Feb,5.389999999999999
1951-1952,Jan,18.268
1951-1952,Jul,0.0
1951-1952,Jun,0.0
1951-1952,Mar,3.7071428571428573
1951-1952,May,0.0
1951-1952,Nov,1.6772727272727277
1951-1952,Oct,0.3206896551724139
1951-1952,Season,44.67826086956522
1951-1952,Sep,0.0
1952-1953,Apr,0.6277777777777782
1952-1953,Aug,0.0
1952-1953,Dec,9.963636363636363
1952-1953,Feb,2.1809523809523803
1952-1953,Jan,8.247826086956522
1952-1953,Jul,0.0
1952-1953,Jun,0.0
1952-1953,Mar,1.6647058823529406
1952-1953,May,0.0
1952-1953,Nov,0.03809523809523796
1952-1953,Oct,0.0
1952-1953,Season,21.423529411764704
1952-1953,Sep,0.0
1953-1954,Apr,0.8399999999999999
1953-1954,Aug,0.0
1953-1954,Dec,5.949999999999999
1953-1954,Feb,3.1259259259259267
1953-1954,Jan,32.885185185185186
1953-1954,Jul,0.0
1953-1954,Jun,0.018518518518519045
1953-1954,Mar,1.6944444444444446
1953-1954,May,0.01923076923077005
1953-1954,Nov,0.895999999999999
1953-1954,Oct,0.0
1953-1954,Season,45.46250000000001
1953-1954,Sep,0.0
1954-1955,Apr,4.477777777777778
1954-1955,Aug,0.0
1954-1955,Dec,5.481481481481483
1954-1955,Feb,7.989285714285714
1954-1955,Jan,7.912000000000001
1954-1955,Jul,0.0
1954-1955,Jun,0.0
1954-1955,Mar,9.18
1954-1955,May,0.2631578947368425
1954-1955,Nov,0.25217391304347814
1954-1955,Oct,0.0
1954-1955,Season,30.442307692307693
1954-1955,Sep,0.0
1955-1956,Apr,0.19615384615384635
1955-1956,Aug,0.0
1955-1956,Dec,15.492307692307692
1955-1956,Feb,13.196153846153845
1955-1956,Jan,15.057692307692308
1955-1956,Jul,0.0
1955-1956,Jun,0.0
1955-1956,Mar,8.325000000000001
1955-1956,May,0.0
1955-1956,Nov,13.557692307692308
1955-1956,Oct,0.9599999999999991
1955-1956,Season,56.65500000000001
1955-1956,Sep,0.0
1956-1957,Apr,0.17600000000000016
1956-1957,Aug,0.0
1956-1957,Dec,4.361538461538462
1956-1957,Feb,9.454166666666667
1956-1957,Jan,15.433333333333334
1956-1957,Jul,0.0
1956-1957,Jun,0.0
1956-1957,Mar,4.799999999999999
1956-1957,May,0.0
1956-1957,Nov,2.534782608695652
1956-1957,Oct,0.9421052631578952
1956-1957,Season,38.018181818181816
1956-1957,Sep,0.0
1957-1958,Apr,0.011538461538462386
1957-1958,Aug,0.0
1957-1958,Dec,5.334615384615384
1957-1958,Feb,0.9120000000000008
1957-1958,Jan,3.6461538461538456
1957-1958,Jul,0.0
1957-1958,Jun,0.0
1957-1958,Mar,1.4450000000000003
1957-1958,May,0.0
1957-1958,Nov,0.8892857142857142
1957-1958,Oct,1.307407407407407
1957-1958,Season,18.011764705882353
1957-1958,Sep,0.0
1958-1959,Apr,0.0740740740740744
1958-1959,Aug,0.0
1958-1959,Dec,3.8583333333333343
1958-1959,Feb,9.57037037037037
1958-1959,Jan,9.628
1958-1959,Jul,0.0
1958-1959,Jun,0.0
1958-1959,Mar,1.468
1958-1959,May,0.01923076923077005
1958-1959,Nov,4.495652173913044
1958-1959,Oct,0.0600000000000005
1958-1959,Season,23.923809523809524
1958-1959,Sep,0.0
1959-1960,Apr,1.3000000000000007
1959-1960,Aug,0.0
1959-1960,Dec,3.0576923076923084
1959-1960,Feb,3.157692307692308
1959-1960,Jan,9.94
1959-1960,Jul,0.0
1959-1960,Jun,0.0
1959-1960,Mar,6.5
1959-1960,May,0.068965517241379
1959-1960,Nov,3.388
1959-1960,Oct,0.08750000000000036
1959-1960,Season,19.804545454545455
1959-1960,Sep,0.0
1960-1961,Apr,0.9239999999999995
1960-1961,Aug,0.0
1960-1961,Dec,4.107142857142856
1960-1961,Feb,5.416666666666666
1960-1961,Jan,2.658620689655171
1960-1961,Jul,0.0
1960-1961,Jun,0.0
1960-1961,Mar,4.862499999999999
1960-1961,May,0.0
1960-1961,Nov,3.692857142857143
1960-1961,Oct,0.0
1960-1961,Season,17.382608695652173
1960-1961,Sep,0.0
1961-1962,Apr,0.1999999999999993
1961-1962,Aug,0.0
1961-1962,Dec,12.185714285714285
1961-1962,Feb,3.1769230769230763
1961-1962,Jan,4.956000000000001
1961-1962,Jul,0.0
1961-1962,Jun,0.0
1961-1962,Mar,9.079166666666667
1961-1962,May,0.0
1961-1962,Nov,5.003846153846153
1961-1962,Oct,0.15000000000000036
1961-1962,Season,35.74761904761905
1961-1962,Sep,0.0
1962-1963,Apr,0.13846153846153797
1962-1963,Aug,0.0
1962-1963,Dec,1.958333333333334
1962-1963,Feb,2.293103448275863
1962-1963,Jan,3.828000000000001
1962-1963,Jul,0.0
1962-1963,Jun,0.0
1962-1963,Mar,1.6750000000000007
1962-1963,May,0.0
1962-1963,Nov,1.331999999999999
1962-1963,Oct,0.0
1962-1963,Season,10.568
1962-1963,Sep,0.0
1963-1964,Apr,1.3041666666666671
1963-1964,Aug,0.0
1963-1964,Dec,6.220689655172413
1963-1964,Feb,2.4111111111111114
1963-1964,Jan,13.55
1963-1964,Jul,0.0
1963-1964,Jun,0.0
1963-1964,Mar,4.883333333333335
1963-1964,May,0.0
1963-1964,Nov,0.8499999999999996
1963-1964,Oct,0.0
1963-1964,Season,27.24
1963-1964,Sep,0.0
1964-1965,Apr,0.05599999999999916
1964-1965,Aug,0.0
1964-1965,Dec,25.340740740740742
1964-1965,Feb,3.4227272727272737
1964-1965,Jan,18.007692307692306
1964-1965,Jul,0.0
1964-1965,Jun,0.0
1964-1965,Mar,1.331818181818182
1964-1965,May,0.1363636363636367
1964-1965,Nov,4.957692307692307
1964-1965,Oct,0.0
1964-1965,Season,56.77
1964-1965,Sep,0.0
1965-1966,Apr,0.3521739130434778
1965-1966,Aug,0.0
1965-1966,Dec,13.466666666666667
1965-1966,Feb,4.050000000000001
1965-1966,Jan,12.207407407407409
1965-1966,Jul,0.0
1965-1966,Jun,0.0
1965-1966,Mar,6.995833333333334
1965-1966,May,0.0
1965-1966,Nov,2.866666666666667
1965-1966,Oct,0.0
1965-1966,Season,40.1875
1965-1966,Sep,0.0
1966-1967,Apr,0.7230769230769223
1966-1967,Aug,0.0
1966-1967,Dec,4.4035714285714285
1966-1967,Feb,3.5846153846153843
1966-1967,Jan,6.703846153846154
1966-1967,Jul,0.0
1966-1967,Jun,0.0
1966-1967,Mar,3.0041666666666664
1966-1967,May,0.125
1966-1967,Nov,0.7913043478260864
1966-1967,Oct,0.3360000000000003
1966-1967,Season,18.27857142857143
1966-1967,Sep,0.0
1967-1968,Apr,1.7055555555555557
1967-1968,Aug,0.0
1967-1968,Dec,9.177272727272728
1967-1968,Feb,0.819230769230769
1967-1968,Jan,12.291666666666666
1967-1968,Jul,0.0
1967-1968,Jun,0.0
1967-1968,Mar,0.30384615384615365
1967-1968,May,0.1724137931034484
1967-1968,Nov,1.6240000000000006
1967-1968,Oct,0.0
1967-1968,Season,23.1
1967-1968,Sep,0.0
1968-1969,Apr,0.2964285714285708
1968-1969,Aug,0.0
1968-1969,Dec,18.185185185185187
1968-1969,Feb,7.987500000000001
1968-1969,Jan,35.13928571428571
1968-1969,Jul,0.0
1968-1969,Jun,0.0
1968-1969,Mar,0.7319999999999993
1968-1969,May,0.0
1968-1969,Nov,1.9909090909090903
1968-1969,Oct,0.0
1968-1969,Season,66.00454545454545
1968-1969,Sep,0.0
1969-1970,Apr,0.918181818181818
1969-1970,Aug,0.0
1969-1970,Dec,6.382758620689654
1969-1970,Feb,1.1827586206896559
1969-1970,Jan,13.143478260869566
1969-1970,Jul,0.0
1969-1970,Jun,0.0
1969-1970,Mar,2.052173913043479
1969-1970,May,0.003225806451613522
1969-1970,Nov,0.29565217391304266
1969-1970,Oct,0.013333333333333641
1969-1970,Season,20.830434782608698
1969-1970,Sep,0.0
1970-1971,Apr,0.04074074074074119
1970-1971,Aug,0.0
1970-1971,Dec,15.856521739130434
1970-1971,Feb,6.542307692307692
1970-1971,Jan,16.557692307692307
1970-1971,Jul,0.0
1970-1971,Jun,0.0
1970-1971,Mar,6.250000000000001
1970-1971,May,0.2062500000000007
1970-1971,Nov,4.566666666666666
1970-1971,Oct,0.03703703703703631
1970-1971,Season,42.38636363636363
1970-1971,Sep,0.0
1971-1972,Apr,2.8470588235294123
1971-1972,Aug,0.0
1971-1972,Dec,22.520689655172415
1971-1972,Feb,4.031818181818183
1971-1972,Jan,13.407407407407407
1971-1972,Jul,0.0
1971-1972,Jun,0.0
1971-1972,Mar,3.827272727272728
1971-1972,May,0.0
1971-1972,Nov,2.341379310344829
1971-1972,Oct,0.8357142857142854
1971-1972,Season,45.04583333333333
1971-1972,Sep,0.0
1972-1973,Apr,0.42962962962963047
1972-1973,Aug,0.0
1972-1973,Dec,6.62
1972-1973,Feb,2.3038461538461537
1972-1973,Jan,5.492592592592592
1972-1973,Jul,0.0
1972-1973,Jun,0.0
1972-1973,Mar,0.47826086956521685
1972-1973,May,0.0
1972-1973,Nov,1.0239999999999991
1972-1973,Oct,0.4833333333333325
1972-1973,Season,14.321739130434782
1972-1973,Sep,0.04838709677419395
1973-1974,Apr,0.7799999999999994
1973-1974,Aug,0.0
1973-1974,Dec,9.200000000000001
1973-1974,Feb,4.9375
1973-1974,Jan,8.421739130434782
1973-1974,Jul,0.0
1973-1974,Jun,0.0
1973-1974,Mar,3.166666666666666
1973-1974,May,0.30689655172413843
1973-1974,Nov,12.618518518518519
1973-1974,Oct,0.11250000000000071
1973-1974,Season,35.560869565217395
1973-1974,Sep,0.0
1974-1975,Apr,1.5809523809523807
1974-1975,Aug,0.0
1974-1975,Dec,8.15
1974-1975,Feb,10.453571428571427
1974-1975,Jan,13.564285714285715
1974-1975,Jul,0.0
1974-1975,Jun,0.0
1974-1975,Mar,3.647619047619047
1974-1975,May,0.15357142857142847
1974-1975,Nov,0.27857142857142847
1974-1975,Oct,0.0
1974-1975,Season,35.6
1974-1975,Sep,0.0
1975-1976,Apr,0.5879999999999992
1975-1976,Aug,0.0
1975-1976,Dec,5.02857142857143
1975-1976,Feb,8.41
1975-1976,Jan,7.765217391304348
1975-1976,Jul,0.0
1975-1976,Jun,0.0
1975-1976,Mar,4.825000000000001
1975-1976,May,0.0
1975-1976,Nov,6.227586206896553
1975-1976,Oct,0.39310344827586263
1975-1976,Season,32.32105263157895
1975-1976,Sep,0.0
1976-1977,Apr,0.056250000000000355
1976-1977,Aug,0.0
1976-1977,Dec,1.8000000000000007
1976-1977,Feb,1.1199999999999992
1976-1977,Jan,2.583333333333334
1976-1977,Jul,0.0
1976-1977,Jun,0.0
1976-1977,Mar,3.3892857142857142
1976-1977,May,0.04838709677419395
1976-1977,Nov,0.03793103448275836
1976-1977,Oct,0.0
1976-1977,Season,10.95217391304348
1976-1977,Sep,0.0
1977-1978,Apr,0.3193548387096783
1977-1978,Aug,0.0
1977-1978,Dec,12.45909090909091
1977-1978,Feb,2.9909090909090903
1977-1978,Jan,5.542424242424243
1977-1978,Jul,0.0
1977-1978,Jun,0.0
1977-1978,Mar,0.9482758620689662
1977-1978,May,0.08333333333333393
1977-1978,Nov,5.322222222222221
1977-1978,Oct,0.0
1977-1978,Season,29.866666666666667
1977-1978,Sep,0.0
1978-1979,Apr,0.5833333333333339
1978-1979,Aug,0.0
1978-1979,Dec,6.663333333333333
1978-1979,Feb,7.771428571428572
1978-1979,Jan,8.446428571428571
1978-1979,Jul,0.0
1978-1979,Jun,0.0
1978-1979,Mar,0.7916666666666661
1978-1979,May,0.016666666666667496
1978-1979,Nov,5.664
1978-1979,Oct,0.0
1978-1979,Season,26.577272727272728
1978-1979,Sep,0.0
1979-1980,Apr,0.5142857142857142
1979-1980,Aug,0.0
1979-1980,Dec,4.74516129032258
1979-1980,Feb,5.820689655172414
1979-1980,Jan,16.40344827586207
1979-1980,Jul,0.0
1979-1980,Jun,0.0
1979-1980,Mar,3.384615384615385
1979-1980,May,0.0
1979-1980,Nov,2.413793103448276
1979-1980,Oct,0.0
1979-1980,Season,31.560869565217388
1979-1980,Sep,0.0
1980-1981,Apr,0.9866666666666664
1980-1981,Aug,0.0
1980-1981,Dec,7.114814814814815
1980-1981,Feb,1.1483870967741936
1980-1981,Jan,1.1310344827586203
1980-1981,Jul,0.0
1980-1981,Jun,0.0
1980-1981,Mar,0.03125
1980-1981,May,0.008823529411765563
1980-1981,Nov,0.8965517241379306
1980-1981,Oct,0.0
1980-1981,Season,12.372
1980-1981,Sep,0.0
1981-1982,Apr,1.5620689655172413
1981-1982,Aug,0.0
1981-1982,Dec,8.296666666666667
1981-1982,Feb,3.4724137931034473
1981-1982,Jan,15.084615384615384
1981-1982,Jul,0.0
1981-1982,Jun,0.0
1981-1982,Mar,1.1733333333333338
1981-1982,May,0.0
1981-1982,Nov,0.390625
1981-1982,Oct,0.0
1981-1982,Season,21.894117647058824
1981-1982,Sep,0.0
1982-1983,Apr,0.40344827586206833
1982-1983,Aug,0.0
1982-1983,Dec,8.693333333333333
1982-1983,Feb,1.8399999999999999
1982-1983,Jan,4.5516129032258075
1982-1983,Jul,0.0
1982-1983,Jun,0.0
1982-1983,Mar,0.06451612903225801
1982-1983,May,0.09090909090909172
1982-1983,Nov,2.2366666666666664
1982-1983,Oct,0.03125
1982-1983,Season,21.18095238095238
1982-1983,Sep,0.0
1983-1984,Apr,0.5250000000000004
1983-1984,Aug,0.0
1983-1984,Dec,10.338461538461539
1983-1984,Feb,2.025925925925927
1983-1984,Jan,2.3100000000000005
1983-1984,Jul,0.0
1983-1984,Jun,0.0
1983-1984,Mar,0.1466666666666665
1983-1984,May,0.10999999999999943
1983-1984,Nov,1.959999999999999
1983-1984,Oct,0.0
1983-1984,Season,14.281818181818181
1983-1984,Sep,0.0
1984-1985,Apr,0.6120000000000001
1984-1985,Aug,0.0
1984-1985,Dec,14.036
1984-1985,Feb,11.442857142857141
1984-1985,Jan,1.5708333333333329
1984-1985,Jul,0.0
1984-1985,Jun,0.0
1984-1985,Mar,4.068
1984-1985,May,0.009999999999999787
1984-1985,Nov,5.937931034482757
1984-1985,Oct,0.7241379310344822
1984-1985,Season,41.13333333333333
1984-1985,Sep,0.0
1985-1986,Apr,0.5181818181818176
1985-1986,Aug,0.0
1985-1986,Dec,6.403999999999999
1985-1986,Feb,7.625925925925926
1985-1986,Jan,6.242857142857143
1985-1986,Jul,0.0
1985-1986,Jun,0.0
1985-1986,Mar,0.06451612903225801
1985-1986,May,0.0
1985-1986,Nov,12.733333333333334
1985-1986,Oct,0.40344827586206833
1985-1986,Season,32.473333333333336
1985-1986,Sep,0.0
1986-1987,Apr,0.22903225806451566
1986-1987,Aug,0.0
1986-1987,Dec,3.446666666666667
1986-1987,Feb,1.810714285714285
1986-1987,Jan,6.957142857142857
1986-1987,Jul,0.0
1986-1987,Jun,0.0
1986-1987,Mar,0.5749999999999993
1986-1987,May,0.0
1986-1987,Nov,1.296551724137931
1986-1987,Oct,0.0
1986-1987,Season,14.024999999999999
1986-1987,Sep,0.0
1987-1988,Apr,0.45161290322580605
1987-1988,Aug,0.0
1987-1988,Dec,7.341379310344828
1987-1988,Feb,1.5961538461538467
1987-1988,Jan,5.662068965517241
1987-1988,Jul,0.0
1987-1988,Jun,0.0
1987-1988,Mar,1.90625
1987-1988,May,0.15000000000000036
1987-1988,Nov,0.47931034482758683
1987-1988,Oct,0.0
1987-1988,Season,19.791666666666668
1987-1988,Sep,0.0
1988-1989,Apr,0.32333333333333414
1988-1989,Aug,0.0
1988-1989,Dec,5.570370370370371
1988-1989,Feb,8.542857142857143
1988-1989,Jan,6.748387096774193
1988-1989,Jul,0.0
1988-1989,Jun,0.0
1988-1989,Mar,5.034482758620689
1988-1989,May,0.0
1988-1989,Nov,2.904
1988-1989,Oct,0.0
1988-1989,Season,33.0
1988-1989,Sep,0.0
1989-1990,Apr,0.2757575757575754
1989-1990,Aug,0.0
1989-1990,Dec,0.31290322580645125
1989-1990,Feb,14.25925925925926
1989-1990,Jan,5.622222222222222
1989-1990,Jul,0.0
1989-1990,Jun,0.0
1989-1990,Mar,1.0222222222222221
1989-1990,May,0.015625
1989-1990,Nov,1.1677419354838712
1989-1990,Oct,0.0
1989-1990,Season,23.065217391304348
1989-1990,Sep,0.0
1990-1991,Apr,0.6785714285714288
1990-1991,Aug,0.0
1990-1991,Dec,9.557692307692308
1990-1991,Feb,0.29655172413793096
1990-1991,Jan,5.503333333333332
1990-1991,Jul,0.0
1990-1991,Jun,0.0
1990-1991,Mar,3.4499999999999993
1990-1991,May,0.030303030303031164
1990-1991,Nov,1.1888888888888882
1990-1991,Oct,0.0
1990-1991,Season,20.71818181818182
1990-1991,Sep,0.0
1991-1992,Apr,0.3888888888888893
1991-1992,Aug,0.0
1991-1992,Dec,1.5444444444444443
1991-1992,Feb,0.8933333333333326
1991-1992,Jan,3.3200000000000003
1991-1992,Jul,0.0
1991-1992,Jun,0.0
1991-1992,Mar,0.0
1991-1992,May,0.0
1991-1992,Nov,1.8919999999999995
1991-1992,Oct,1.1033333333333335
1991-1992,Season,8.549999999999999
1991-1992,Sep,0.0
1992-1993,Apr,0.22499999999999964
1992-1993,Aug,0.0
1992-1993,Dec,16.303703703703704
1992-1993,Feb,5.02857142857143
1992-1993,Jan,11.58148148148148
1992-1993,Jul,0.0
1992-1993,Jun,0.0
1992-1993,Mar,1.2437500000000004
1992-1993,May,0.0
1992-1993,Nov,1.9387096774193555
1992-1993,Oct,0.0
1992-1993,Season,35.300000000000004
1992-1993,Sep,0.0
1993-1994,Apr,0.0967741935483879
1993-1994,Aug,0.0
1993-1994,Dec,3.9571428571428573
1993-1994,Feb,5.536666666666667
1993-1994,Jan,1.25
1993-1994,Jul,0.0
1993-1994,Jun,0.0
1993-1994,Mar,1.0777777777777775
1993-1994,May,0.0
1993-1994,Nov,1.4407407407407415
1993-1994,Oct,0.0
1993-1994,Season,12.068
1993-1994,Sep,0.0
1994-1995,Apr,0.4166666666666661
1994-1995,Aug,0.0
1994-1995,Dec,6.333333333333332
1994-1995,Feb,4.15
1994-1995,Jan,2.7666666666666675
1994-1995,Jul,0.0
1994-1995,Jun,0.0
1994-1995,Mar,1.3962962962962955
1994-1995,May,0.0
1994-1995,Nov,6.36896551724138
1994-1995,Oct,0.3636363636363633
1994-1995,Season,22.34
1994-1995,Sep,0.0
1995-1996,Apr,0.09999999999999964
1995-1996,Aug,0.0
1995-1996,Dec,4.555999999999999
1995-1996,Feb,3.244827586206897
1995-1996,Jan,13.829166666666666
1995-1996,Jul,0.0
1995-1996,Jun,0.0
1995-1996,Mar,0.3692307692307697
1995-1996,May,0.015625
1995-1996,Nov,2.7766666666666655
1995-1996,Oct,0.0
1995-1996,Season,26.54615384615385
1995-1996,Sep,0.0
1996-1997,Apr,0.3000000000000007
1996-1997,Aug,0.0
1996-1997,Dec,22.074074074074073
1996-1997,Feb,2.603225806451613
1996-1997,Jan,4.533333333333333
1996-1997,Jul,0.0
1996-1997,Jun,0.0
1996-1997,Mar,4.344827586206897
1996-1997,May,0.030303030303031164
1996-1997,Nov,6.978571428571429
1996-1997,Oct,0.5666666666666664
1996-1997,Season,37.863157894736844
1996-1997,Sep,0.0
1997-1998,Apr,0.07586206896551673
1997-1998,Aug,0.0
1997-1998,Dec,3.1296296296296298
1997-1998,Feb,1.0428571428571427
1997-1998,Jan,10.539285714285715
1997-1998,Jul,0.0
1997-1998,Jun,0.0
1997-1998,Mar,0.9199999999999999
1997-1998,May,0.0
1997-1998,Nov,0.7482758620689651
1997-1998,Oct,0.0031250000000007105
1997-1998,Season,16.61818181818182
1997-1998,Sep,0.0
1998-1999,Apr,0.6300000000000008
1998-1999,Aug,0.0
1998-1999,Dec,7.542857142857143
1998-1999,Feb,6.185714285714284
1998-1999,Jan,4.65357142857143
1998-1999,Jul,0.0
1998-1999,Jun,0.0
1998-1999,Mar,2.6750000000000007
1998-1999,May,0.48518518518518583
1998-1999,Nov,0.7655172413793103
1998-1999,Oct,0.0
1998-1999,Season,11.005882352941176
1998-1999,Sep,0.0
1999-2000,Apr,0.0967741935483879
1999-2000,Aug,0.0
1999-2000,Dec,3.1961538461538463
1999-2000,Feb,2.3200000000000003
1999-2000,Jan,9.877777777777778
1999-2000,Jul,0.0
1999-2000,Jun,0.0
1999-2000,Mar,0.9321428571428569
1999-2000,May,0.025806451612902848
1999-2000,Nov,0.28064516129032313
1999-2000,Oct,0.12258064516129075
1999-2000,Season,12.622727272727273
1999-2000,Sep,0.0
2000-2001,Apr,0.8266666666666662
2000-2001,Aug,0.0
2000-2001,Dec,5.856521739130434
2000-2001,Feb,3.575000000000001
2000-2001,Jan,3.5214285714285705
2000-2001,Jul,0.0
2000-2001,Jun,0.0
2000-2001,Mar,0.706666666666667
2000-2001,May,0.109375
2000-2001,Nov,2.7344827586206897
2000-2001,Oct,0.0
2000-2001,Season,15.463157894736844
2000-2001,Sep,0.0
2001-2002,Apr,0.5161290322580641
2001-2002,Aug,0.0
2001-2002,Dec,8.142307692307693
2001-2002,Feb,2.896000000000001
2001-2002,Jan,8.118181818181817
2001-2002,Jul,0.0
2001-2002,Jun,0.0
2001-2002,Mar,7.0307692307692315
2001-2002,May,0.31071428571428505
2001-2002,Nov,3.996428571428572
2001-2002,Oct,0.03448275862069039
2001-2002,Season,42.379999999999995
2001-2002,Sep,0.0
2002-2003,Apr,1.069230769230769
2002-2003,Aug,0.0
2002-2003,Dec,4.835714285714287
2002-2003,Feb,0.2759999999999998
2002-2003,Jan,3.75
2002-2003,Jul,0.0
2002-2003,Jun,0.0
2002-2003,Mar,1.6333333333333329
2002-2003,May,0.16666666666666607
2002-2003,Nov,0.0
2002-2003,Oct,0.0034482758620697496
2002-2003,Season,13.755555555555555
2002-2003,Sep,0.0
2003-2004,Apr,0.0
2003-2004,Aug,0.0
2003-2004,Dec,8.659259259259258
2003-2004,Feb,2.232258064516129
2003-2004,Jan,13.318181818181818
2003-2004,Jul,0.0
2003-2004,Jun,0.0
2003-2004,Mar,1.2896551724137932
2003-2004,May,0.012903225806452312
2003-2004,Nov,3.7538461538461547
2003-2004,Oct,0.0
2003-2004,Season,27.928571428571427
2003-2004,Sep,0.0
2004-2005,Apr,0.11666666666666714
2004-2005,Aug,0.0
2004-2005,Dec,3.313793103448276
2004-2005,Feb,0.5217391304347831
2004-2005,Jan,5.98
2004-2005,Jul,0.0
2004-2005,Jun,0.0
2004-2005,Mar,0.5838709677419356
2004-2005,May,0.0
2004-2005,Nov,0.9299999999999997
2004-2005,Oct,0.016666666666667496
2004-2005,Season,12.183333333333334
2004-2005,Sep,0.0
2005-2006,Apr,0.18333333333333357
2005-2006,Aug,0.0
2005-2006,Dec,3.3730769230769226
2005-2006,Feb,1.386206896551725
2005-2006,Jan,3.0846153846153843
2005-2006,Jul,0.0
2005-2006,Jun,0.0
2005-2006,Mar,2.2439999999999998
2005-2006,May,0.0
2005-2006,Nov,2.845833333333333
2005-2006,Oct,0.0
2005-2006,Season,8.956249999999999
2005-2006,Sep,0.0
2006-2007,Apr,0.2068965517241388
2006-2007,Aug,0.0
2006-2007,Dec,4.796000000000001
2006-2007,Feb,3.549999999999999
2006-2007,Jan,3.405263157894737
2006-2007,Jul,0.0
2006-2007,Jun,0.0
2006-2007,Mar,0.17037037037037095
2006-2007,May,0.00967741935483879
2006-2007,Nov,5.596153846153845
2006-2007,Oct,0.0
2006-2007,Season,12.036363636363637
2006-2007,Sep,0.0
2007-2008,Apr,0.5120000000000005
2007-2008,Aug,0.0
2007-2008,Dec,9.412
2007-2008,Feb,2.507407407407408
2007-2008,Jan,11.622727272727273
2007-2008,Jul,0.0
2007-2008,Jun,0.0862068965517242
2007-2008,Mar,2.174999999999999
2007-2008,May,0.0
2007-2008,Nov,1.1999999999999993
2007-2008,Oct,0.0
2007-2008,Season,22.133333333333333
2007-2008,Sep,0.0
2008-2009,Apr,0.7703703703703706
2008-2009,Aug,0.0
2008-2009,Dec,22.866666666666667
2008-2009,Feb,2.2407407407407405
2008-2009,Jan,8.345161290322581
2008-2009,Jul,0.0
2008-2009,Jun,0.0
2008-2009,Mar,4.514814814814814
2008-2009,May,0.0
2008-2009,Nov,0.2666666666666675
2008-2009,Oct,0.0
2008-2009,Season,37.2
2008-2009,Sep,0.0
2009-2010,Apr,0.1307692307692303
2009-2010,Aug,0.0
2009-2010,Dec,3.6038461538461544
2009-2010,Feb,0.35999999999999943
2009-2010,Jan,1.9730769230769223
2009-2010,Jul,0.0
2009-2010,Jun,0.0
2009-2010,Mar,0.125
2009-2010,May,0.2857142857142865
2009-2010,Nov,0.6107142857142858
2009-2010,Oct,0.1999999999999993
2009-2010,Season,9.152941176470588
2009-2010,Sep,0.0
2010-2011,Apr,4.700000000000001
2010-2011,Aug,0.0
2010-2011,Dec,6.707407407407407
2010-2011,Feb,12.57
2010-2011,Jan,6.340000000000001
2010-2011,Jul,0.0
2010-2011,Jun,0.0
2010-2011,Mar,1.9499999999999993
2010-2011,May,0.0
2010-2011,Nov,6.7
2010-2011,Oct,0.068965517241379
2010-2011,Season,39.53333333333333
2010-2011,Sep,0.0
2011-2012,Apr,0.6888888888888882
2011-2012,Aug,0.0
2011-2012,Dec,2.7555555555555546
2011-2012,Feb,7.122222222222222
2011-2012,Jan,12.083333333333334
2011-2012,Jul,0.0
2011-2012,Jun,0.0
2011-2012,Mar,4.544444444444444
2011-2012,May,0.0
2011-2012,Nov,7.37
2011-2012,Oct,0.0
2011-2012,Season,25.266666666666666
2011-2012,Sep,0.0
2012-2013,Apr,2.4555555555555557
2012-2013,Aug,0.0
2012-2013,Dec,14.866666666666667
2012-2013,Feb,2.4454545454545453
2012-2013,Jan,8.033333333333333
2012-2013,Jul,0.0
2012-2013,Jun,0.0
2012-2013,Mar,1.8874999999999993
2012-2013,May,0.0
2012-2013,Nov,3.6999999999999993
2012-2013,Oct,1.5
2012-2013,Season,27.03333333333333
2012-2013,Sep,0.0
2013-2014,Apr,0.08000000000000007
2013-2014,Aug,0.0
2013-2014,Dec,3.466666666666667
2013-2014,Feb,17.733333333333334
2013-2014,Jan,5.725
2013-2014,Jul,0.0
2013-2014,Jun,0.0
2013-2014,Mar,3.216666666666667
2013-2014,May,0.0
2013-2014,Nov,1.064285714285715
2013-2014,Oct,0.0
2013-2014,Season,22.633333333333336
2013-2014,Sep,0.0
2014-2015,Apr,1.4444444444444446
2014-2015,Aug,0.0
2014-2015,Dec,3.4818181818181824
2014-2015,Feb,1.0899999999999999
2014-2015,Jan,5.6899999999999995
2014-2015,Jul,0.0
2014-2015,Jun,0.0
2014-2015,Mar,0.21111111111111036
2014-2015,May,0.0
2014-2015,Nov,1.9285714285714288
2014-2015,Oct,0.0
2014-2015,Season,8.0
2014-2015,Sep,0.0
2015-2016,Apr,0.0
2015-2016,Aug,0.0
2015-2016,Dec,16.2
2015-2016,Feb,1.2249999999999996
2015-2016,Jan,10.464285714285714
2015-2016,Jul,0.0
2015-2016,Jun,0.0
2015-2016,Mar,0.3100000000000005
2015-2016,May,0.0
2015-2016,Nov,1.5
2015-2016,Oct,0.0
2015-2016,Season,24.55
2015-2016,Sep,0.0
2016-2017,Apr,0.15454545454545432
2016-2017,Aug,0.0
2016-2017,Dec,12.727272727272727
2016-2017,Feb,10.375
2016-2017,Jan,12.23076923076923
2016-2017,Jul,0.0
2016-2017,Jun,0.0
2016-2017,Mar,2.1428571428571423
2016-2017,May,0.3125
2016-2017,Nov,0.655555555555555
2016-2017,Oct,0.0
2016-2017,Season,42.62
2016-2017,Sep,0.0
2017-2018,Apr,0.8499999999999996
2017-2018,Aug,0.0
2017-2018,Dec,7.066666666666666
2017-2018,Feb,9.863636363636363
2017-2018,Jan,6.1499999999999995
2017-2018,Jul,0.0
2017-2018,Jun,0.0
2017-2018,Mar,3.1545454545454543
2017-2018,May,0.0
2017-2018,Nov,3.5700000000000003
2017-2018,Oct,0.0
2017-2018,Season,22.325
2017-2018,Sep,0.0
2018-2019,Apr,0.0
2018-2019,Aug,0.0
2018-2019,Dec,4.529999999999999
2018-2019,Feb,19.5375
2018-2019,Jan,1.9444444444444446
2018-2019,Jul,0.0
2018-2019,Jun,0.0
2018-2019,Mar,4.700000000000001
2018-2019,May,0.0
2018-2019,Nov,0.3714285714285719
2018-2019,Oct,0.0
2018-2019,Season,28.599999999999998
2018-2019,Sep,0.0
2019-2020,Apr,0.5299999999999994
2019-2020,Aug,0.0
2019-2020,Dec,4.966666666666667
2019-2020,Feb,8.9875
2019-2020,Jan,9.22
2019-2020,Jul,0.0
2019-2020,Jun,0.0
2019-2020,Mar,1.75
2019-2020,May,0.0
2019-2020,Nov,0.08571428571428541
2019-2020,Oct,0.6600000000000001
2019-2020,Season,22.45
2019-2020,Sep,0.4599999999999991
2020-2021,Apr,0.0
2020-2021,Aug,0.0
2020-2021,Dec,7.955555555555557
2020-2021,Feb,19.3125
2020-2021,Jan,2.133333333333333
2020-2021,Jul,0.0
2020-2021,Jun,0.0
2020-2021,Mar,2.4124999999999996
2020-2021,May,0.0
2020-2021,Nov,3.144444444444444
2020-2021,Oct,2.0250000000000004
2020-2021,Season,29.514285714285712
2020-2021,Sep,0.0
2021-2022,Apr,1.9090909090909083
2021-2022,Aug,0.0
2021-2022,Dec,24.5
2021-2022,Feb,4.142857142857144
2021-2022,Jan,10.764285714285714
2021-2022,Jul,0.0
2021-2022,Jun,0.0
2021-2022,Mar,0.7866666666666671
2021-2022,May,0.0
2021-2022,Nov,1.6214285714285719
2021-2022,Oct,0.0
2021-2022,Season,34.94
2021-2022,Sep,0.0
