Date,ppt (inches),tmin (degrees F),tmean (degrees F),tmax (degrees F),tdmean (degrees F),vpdmin (hPa),vpdmax (hPa),County
1895-01,4.18,17.7,25.1,32.4,21.6,0.3,1.65,Klickitat
1895-02,0.8,27.6,35.6,43.6,26.2,0.66,4.38,Klickitat
1895-03,0.66,28.2,38.6,49.1,26.2,0.88,6.88,Klickitat
1895-04,0.58,31.6,46.2,60.7,30.6,0.86,12.4,Klickitat
1895-05,1.23,39,51.8,64.5,35.7,1.4,13.94,Klickitat
1895-06,0,43.3,59.3,75.3,38.5,1.95,22.46,Klickitat
1895-07,0.32,46.9,62.7,78.4,43.4,1.95,24.15,Klickitat
1895-08,0,44.9,64,83.1,40.9,1.96,30.51,Klickitat
1895-09,1.14,39.3,52.2,65,37.5,1.12,13.84,Klickitat
1895-10,0,30.4,48.7,67.1,31.8,0.48,16.82,Klickitat
1895-11,1.28,24.5,35.8,47.2,28.7,0.11,5.46,Klickitat
1895-12,6.28,25.5,31.2,37,26.8,0.45,1.94,Klickitat
1896-01,2.66,24.6,31.8,38.9,26.1,0.42,2.82,Klickitat
1896-02,1.3,31.1,39.3,47.4,29.6,0.77,5.46,Klickitat
1896-03,1.32,28.4,38.6,48.8,26.5,0.86,6.54,Klickitat
1896-04,1.5,32,42.5,53,29.7,1.02,8.24,Klickitat
1896-05,1.32,38.1,48.3,58.6,35.6,1.16,9.76,Klickitat
1896-06,0.2,43.9,59,74.2,39.3,1.94,21.14,Klickitat
1896-07,0,51.6,70,88.3,44.6,3.37,36.43,Klickitat
1896-08,0.51,47.3,64,80.7,43.6,1.95,27.11,Klickitat
1896-09,0.35,39.2,54.7,70.3,36.9,1.25,18.46,Klickitat
1896-10,0.58,32.4,46.8,61.1,34.1,0.46,12.21,Klickitat
1896-11,7.67,21.6,29,36.3,24.8,0.26,2.12,Klickitat
1896-12,3.25,27.6,32.9,38.3,31.4,0.28,1.59,Klickitat
1897-01,1.19,22.4,28.1,33.7,24.6,0.36,1.61,Klickitat
1897-02,3.47,26.1,34.2,42.3,27.7,0.41,3.71,Klickitat
1897-03,2.45,25.9,34.8,43.8,24.2,0.8,4.92,Klickitat
1897-04,0.44,33.7,49.5,65.3,32.7,0.84,15.1,Klickitat
1897-05,0.43,40.7,57.6,74.6,38.6,1.24,21.54,Klickitat
1897-06,0.72,44.9,59.7,74.4,42.4,1.33,20.2,Klickitat
1897-07,0.36,46.8,64.2,81.6,42.7,2.01,28.14,Klickitat
1897-08,0.1,50,69.6,89.2,43.4,3.16,38.06,Klickitat
1897-09,0.89,40.1,57.1,74.2,39.1,1.01,21.2,Klickitat
1897-10,0.51,31.5,48.6,65.6,33.7,0.47,15,Klickitat
1897-11,4.03,29.4,37.2,44.9,30.3,0.44,4.18,Klickitat
1897-12,5.34,23.5,29.5,35.4,26.9,0.24,1.58,Klickitat
1898-01,1.1,22.5,29.8,37.1,22.3,0.49,2.98,Klickitat
1898-02,1.69,30.6,38.3,46,30.8,0.6,4.4,Klickitat
1898-03,0.39,26.2,37.9,49.6,25.1,0.77,7.23,Klickitat
1898-04,0.32,30.6,46.3,62.1,30.5,0.64,13.62,Klickitat
1898-05,0.48,35.2,51.8,68.4,35.8,0.49,16.83,Klickitat
1898-06,0.88,42.1,59.1,76.1,40.7,0.98,22.6,Klickitat
1898-07,0.18,45.4,65.6,85.9,43.9,1.4,33.7,Klickitat
1898-08,0.14,49.5,68.8,88.1,44.3,2.5,36.39,Klickitat
1898-09,1.09,42.9,59.3,75.7,39,1.86,22.66,Klickitat
1898-10,0.36,30.5,46.6,62.7,33,0.3,13.16,Klickitat
1898-11,2.72,26.2,34.8,43.4,30,0.13,3.59,Klickitat
1898-12,1.5,17.9,25.1,32.4,22.2,0.16,1.7,Klickitat
1899-01,3.76,19.9,27.8,35.7,25.2,0,2.03,Klickitat
1899-02,2.71,20,28.8,37.5,21.8,0.29,3.22,Klickitat
1899-03,1.03,25.9,37.1,48.4,26.9,0.56,6.35,Klickitat
1899-04,0.99,29.6,43.8,58,30,0.6,10.85,Klickitat
1899-05,0.91,34.2,47.2,60.1,34,0.69,11.43,Klickitat
1899-06,0.18,39.1,56.5,73.8,38.8,1.1,20.75,Klickitat
1899-07,0,47,66,85,42.5,2.2,32.48,Klickitat
1899-08,1.02,45.3,60.3,75.3,44.7,1.08,20.3,Klickitat
1899-09,0.76,38.9,59.9,80.9,40,0.45,28.14,Klickitat
1899-10,1.89,32.8,45.6,58.4,35.5,0.27,9.69,Klickitat
1899-11,5.01,34,42.2,50.5,37.1,0.12,4.76,Klickitat
1899-12,2.68,26,33.5,41,28.5,0.32,3,Klickitat
1900-01,2.28,26.7,33.8,40.9,28.8,0.36,3,Klickitat
1900-02,2.23,24.9,33.1,41.3,26,0.5,3.66,Klickitat
1900-03,1.77,33.2,44.9,56.7,32.9,0.84,9.29,Klickitat
1900-04,0.72,33.8,47.3,60.8,32.9,0.84,11.96,Klickitat
1900-05,0.54,39.1,54.7,70.3,37.5,1.04,18.02,Klickitat
1900-06,0.69,45.4,61,76.5,41.6,1.74,22.9,Klickitat
1900-07,0.05,45.9,64.9,83.9,42.5,1.8,31.01,Klickitat
1900-08,0.53,43.7,61.2,78.6,43.1,0.93,24.63,Klickitat
1900-09,0.95,38.4,55.7,73.1,39.4,0.48,19.96,Klickitat
1900-10,1.96,32.4,45.6,58.8,35.9,0.08,9.82,Klickitat
1900-11,3.77,24.5,33.8,43.2,29.1,0.1,3.63,Klickitat
1900-12,2.77,29,35.8,42.5,32.3,0.27,2.63,Klickitat
1901-01,5.09,21.1,28.3,35.4,24.7,0.25,1.93,Klickitat
1901-02,4.87,25.3,33.2,41.1,26.4,0.41,3.5,Klickitat
1901-03,1.14,28.8,38.9,49.1,29.1,0.63,6.46,Klickitat
1901-04,0.52,30,43.5,57.1,28.7,0.83,10.56,Klickitat
1901-05,0.92,38.9,52.8,66.7,37.6,0.97,15.08,Klickitat
1901-06,0.57,41.1,53.9,66.8,38.7,1.18,14.68,Klickitat
1901-07,0,44.9,62.5,80.1,42,1.52,26.83,Klickitat
1901-08,0.2,52.7,69.7,86.8,43,4.31,34.87,Klickitat
1901-09,1.79,39.9,53.8,67.8,39.3,0.86,15.46,Klickitat
1901-10,0.22,39.2,53.7,68.2,37.6,1.06,16.47,Klickitat
1901-11,3.07,31.2,40.3,49.3,33.1,0.31,5.24,Klickitat
1901-12,3.73,26.6,34,41.4,28.3,0.37,3.21,Klickitat
1902-01,2.11,20.2,27.4,34.6,23.2,0.28,2.11,Klickitat
1902-02,4.88,26.2,33.3,40.5,29.7,0.16,2.48,Klickitat
1902-03,1.26,30.1,39.2,48.4,28.4,0.88,6.12,Klickitat
1902-04,2.16,31.4,44,56.7,31.8,0.66,9.67,Klickitat
1902-05,0.86,39.7,52.4,65,38.6,0.88,13.32,Klickitat
1902-06,0.11,41.5,57.2,72.8,37.9,1.49,20.21,Klickitat
1902-07,0.5,45.5,62.6,79.8,43.9,1.09,25.71,Klickitat
1902-08,0,46.6,64.6,82.6,41.6,2.24,30.03,Klickitat
1902-09,0.46,40.2,57.1,73.9,36.4,1.64,21.93,Klickitat
1902-10,0.82,35.2,49.8,64.5,35.4,0.68,13.88,Klickitat
1902-11,4.79,29.9,37.2,44.6,31.4,0.38,3.69,Klickitat
1902-12,5.82,23.1,28.4,33.7,26.3,0.35,1.23,Klickitat
1903-01,3.89,26.1,31.7,37.3,27.2,0.46,2.08,Klickitat
1903-02,0.93,20.7,30.5,40.3,20.5,0.5,4.27,Klickitat
1903-03,1.17,27.6,38.4,49.3,27.1,0.71,6.74,Klickitat
1903-04,0.39,30.4,43.5,56.6,28.4,0.97,10.25,Klickitat
1903-05,0.21,37,52,67.1,34.1,1.24,16.09,Klickitat
1903-06,1.6,46.4,62.1,77.8,42.7,1.79,23.86,Klickitat
1903-07,0.13,45.5,61.9,78.4,43,1.46,24.35,Klickitat
1903-08,0.3,47.6,64.3,81,43.7,1.9,27.07,Klickitat
1903-09,0.49,40.8,56.1,71.5,37.6,1.48,19.03,Klickitat
1903-10,1.37,34,48,62,34.5,0.62,12.15,Klickitat
1903-11,5.31,29.3,36.4,43.5,31.7,0.23,3.22,Klickitat
1903-12,1.18,24.3,30,35.7,27.7,0.29,1.53,Klickitat
1904-01,2.48,26.3,33.8,41.4,26.6,0.56,3.59,Klickitat
1904-02,5.59,24.6,32.3,40,26.3,0.38,3.15,Klickitat
1904-03,4.18,27.6,35.7,43.9,28.3,0.58,4.12,Klickitat
1904-04,1.24,33.9,48,62.1,33.3,0.77,12.76,Klickitat
1904-05,0.19,37.3,52.7,68.2,33.4,1.44,17.19,Klickitat
1904-06,0.52,42.2,58.7,75.2,38.6,1.82,22.19,Klickitat
1904-07,0.62,48.5,64.4,80.3,46.2,1.57,25.31,Klickitat
1904-08,0.22,48.5,67.5,86.4,41.6,2.99,34.83,Klickitat
1904-09,0.52,42.2,59.9,77.7,38.3,1.9,24.98,Klickitat
1904-10,1.42,36.3,49.9,63.6,36.3,0.69,12.95,Klickitat
1904-11,1.67,31.9,41,50,34.5,0.27,5.25,Klickitat
1904-12,3.1,27,33.3,39.5,28.4,0.41,2.51,Klickitat
1905-01,3.13,23.4,29.2,35.1,26.1,0.38,1.7,Klickitat
1905-02,0.73,21.7,30.7,39.7,22.5,0.42,3.72,Klickitat
1905-03,1.47,33.3,43.9,54.4,32.3,0.81,8.15,Klickitat
1905-04,0.3,34.1,48.1,62.2,31.2,1.16,13.17,Klickitat
1905-05,1.09,38,51.7,65.4,35.5,1.16,14.54,Klickitat
1905-06,1.63,44.4,58.5,72.6,42.4,1.24,18.51,Klickitat
1905-07,0.04,50.3,68.2,86.1,43,3.21,33.75,Klickitat
1905-08,0.31,48.5,65.8,83.1,42.1,3.14,30.05,Klickitat
1905-09,0.97,44.6,59.7,74.7,40.6,1.83,21.18,Klickitat
1905-10,2.05,30.8,42.9,55,32.4,0.38,8.01,Klickitat
1905-11,1.13,19.5,33.4,47.3,27.8,0,5.66,Klickitat
1905-12,1.27,25,30.1,35.1,26.7,0.36,1.49,Klickitat
1906-01,2.26,26.1,33,39.9,26.1,0.53,3.08,Klickitat
1906-02,2.42,27.8,35.6,43.5,29.2,0.44,3.83,Klickitat
1906-03,1.64,25.8,37.1,48.5,25.6,0.66,6.65,Klickitat
1906-04,0.21,34.7,49.4,64,31.7,1.39,14.45,Klickitat
1906-05,1.18,38.2,52.5,66.8,37.1,0.93,15.2,Klickitat
1906-06,1.32,42,56.7,71.5,39.6,1.29,18.42,Klickitat
1906-07,0.09,52.4,71.8,91.3,45.2,3.52,40.38,Klickitat
1906-08,0.06,46.5,65,83.5,42.6,1.98,30.49,Klickitat
1906-09,0.67,40.6,57,73.5,39.3,1.14,20.44,Klickitat
1906-10,0.51,36.3,49.2,62,35.8,0.8,12,Klickitat
1906-11,5.21,30.2,38,45.8,31.5,0.4,4.19,Klickitat
1906-12,3.71,27.9,34.4,41,29.8,0.37,2.73,Klickitat
1907-01,4.98,11.8,19.9,28.1,16.2,0.21,1.67,Klickitat
1907-02,3.41,27,35.4,43.8,28.7,0.44,4.11,Klickitat
1907-03,1.92,28.9,38.3,47.6,29.3,0.61,5.5,Klickitat
1907-04,1.57,30.4,44,57.6,29.8,0.9,10.62,Klickitat
1907-05,1.62,38.9,54.9,70.9,36.4,1.24,18.83,Klickitat
1907-06,0.7,44.7,58.8,73,41.3,1.67,19.3,Klickitat
1907-07,0.31,49.3,67.2,85.2,44.1,2.5,32.04,Klickitat
1907-08,0.66,46,62.1,78.1,43.2,1.6,23.91,Klickitat
1907-09,0.62,41.8,57.3,72.9,39.6,1.26,19.58,Klickitat
1907-10,0.3,38.1,53.6,69.2,37,0.93,17.17,Klickitat
1907-11,2.99,30,40,50,32.1,0.26,5.89,Klickitat
1907-12,6.35,27.2,33.2,39.2,29.3,0.34,2.12,Klickitat
1908-01,1.42,24.4,31.3,38.2,25.9,0.39,2.59,Klickitat
1908-02,0.71,25.9,35.1,44.2,26,0.53,4.73,Klickitat
1908-03,1.12,31.7,41.2,50.6,28.6,1.06,6.96,Klickitat
1908-04,0.45,34,48.8,63.6,30.1,1.35,14.5,Klickitat
1908-05,1.12,36.5,50.3,64,35,1,13.69,Klickitat
1908-06,0,42.8,58.7,74.6,39.3,1.62,21.91,Klickitat
1908-07,0.23,51.7,69.5,87.3,44.5,3.55,34.87,Klickitat
1908-08,0.39,48.1,65.6,83.2,42.2,2.64,30.35,Klickitat
1908-09,0.09,40.9,59.1,77.4,37.8,1.51,24.82,Klickitat
1908-10,1.93,35.3,48,60.7,35.4,0.62,11.12,Klickitat
1908-11,1.1,29.1,39.2,49.2,32.2,0.2,5.61,Klickitat
1908-12,1.98,22.8,29,35.2,25.4,0.3,1.77,Klickitat
1909-01,4.64,11.4,19.2,27,17.9,0.01,1.08,Klickitat
1909-02,2.54,28.7,36.2,43.7,28.9,0.56,3.96,Klickitat
1909-03,0.7,28.9,41,53.1,28.1,0.76,8.53,Klickitat
1909-04,0.18,30.9,44.3,57.8,27.7,1.16,11.13,Klickitat
1909-05,0.35,35.7,50.9,66,33.7,1.01,15.29,Klickitat
1909-06,0.51,44.7,60.4,76.1,40,1.97,22.76,Klickitat
1909-07,0.42,45.8,62.3,78.9,44.6,1.07,24.43,Klickitat
1909-08,0,44.4,63.9,83.4,39.7,2.03,31.37,Klickitat
1909-09,0.59,42,60,77.9,40.7,1.01,24.6,Klickitat
1909-10,1.36,36.3,49.7,63,34.8,0.95,13.04,Klickitat
1909-11,5.72,30.6,38,45.5,33.3,0.2,3.51,Klickitat
1909-12,3.28,15.9,23.1,30.4,20.7,0.29,1.48,Klickitat
1910-01,1.8,18,25,32.1,21.1,0.27,1.62,Klickitat
1910-02,3.26,22,29.2,36.3,22.1,0.48,2.83,Klickitat
1910-03,0.97,35,45.8,56.7,32.7,1.05,9.29,Klickitat
1910-04,0.83,37.7,50.5,63.4,33.5,1.53,13.46,Klickitat
1910-05,0.67,41.5,57.7,74,36.6,1.84,21.43,Klickitat
1910-06,0.26,41.7,58,74.3,38.5,1.5,21.38,Klickitat
1910-07,0.01,48.8,67.7,86.5,42.6,2.81,34.19,Klickitat
1910-08,0,45.5,62.8,80.2,39.4,2.59,27.52,Klickitat
1910-09,0.57,43,58,73,38.7,2.06,20.11,Klickitat
1910-10,0.77,38.2,51.8,65.4,36.8,0.97,14.25,Klickitat
1910-11,4.92,32.6,39.1,45.5,32.3,0.63,3.87,Klickitat
1910-12,1.88,29,33.8,38.6,29.4,0.53,1.96,Klickitat
1911-01,1.96,23.7,30.5,37.3,23.2,0.55,2.81,Klickitat
1911-02,0.97,24.1,31.6,39.1,22.6,0.63,3.6,Klickitat
1911-03,0.42,29.3,43.5,57.6,27.7,0.84,10.95,Klickitat
1911-04,0.23,30.6,45.6,60.7,27.1,1.21,13.19,Klickitat
1911-05,2.45,36.4,50.1,63.7,34.7,1,13.4,Klickitat
1911-06,0.38,45.1,59.6,74.1,41,1.91,20.81,Klickitat
1911-07,0,50.6,68.2,85.8,42.8,3.61,33.39,Klickitat
1911-08,0,47.6,64.5,81.3,41.7,2.54,28.22,Klickitat
1911-09,2.74,41,52.9,64.9,38.6,1.44,13.29,Klickitat
1911-10,0.43,32.9,46,59.1,32.9,0.77,10.86,Klickitat
1911-11,1.63,28.5,37.1,45.7,28.1,0.56,4.96,Klickitat
1911-12,1.37,26,33.4,40.7,26.1,0.5,3.44,Klickitat
1912-01,6.74,22.7,28.3,34,23.4,0.41,1.86,Klickitat
1912-02,2.36,30.2,37,43.8,29.1,0.7,3.95,Klickitat
1912-03,1.21,27,38,48.9,24.7,0.88,7.04,Klickitat
1912-04,1.02,33.8,46,58.2,32,1.01,10.54,Klickitat
1912-05,1.13,40.3,54.4,68.5,36.7,1.49,16.54,Klickitat
1912-06,0.69,46,60.9,75.8,40.7,2.26,22.29,Klickitat
1912-07,0.18,49.6,64.6,79.6,44.2,2.53,25.12,Klickitat
1912-08,1.38,48.4,62.2,76.1,44.3,2.08,21.42,Klickitat
1912-09,0.32,41.6,56.1,70.7,36,1.91,18.77,Klickitat
1912-10,1.16,33,44.6,56.3,32.5,0.71,9.32,Klickitat
1912-11,2.59,32.9,40.4,47.8,32.8,0.58,4.69,Klickitat
1912-12,3.69,26.4,33.2,40,27.1,0.43,2.89,Klickitat
1913-01,3.55,20.5,27.7,34.9,20.3,0.48,2.64,Klickitat
1913-02,0.77,20.5,28.3,36.1,19.9,0.53,3.07,Klickitat
1913-03,1.27,28.6,37.9,47.2,25.9,0.96,6.04,Klickitat
1913-04,0.94,34.3,47,59.6,31.1,1.24,11.64,Klickitat
1913-05,1.26,39,53.3,67.6,36.5,1.18,15.85,Klickitat
1913-06,1.26,47.4,60.4,73.4,43.4,1.9,19.04,Klickitat
1913-07,0.17,49.6,66.1,82.5,43.8,2.65,28.81,Klickitat
1913-08,0.04,50.7,67.5,84.3,43.1,3.36,31.47,Klickitat
1913-09,0.77,41.7,57.8,73.8,37.4,1.74,21.35,Klickitat
1913-10,1.66,34.6,46.8,58.9,34.5,0.64,10.22,Klickitat
1913-11,2.41,33.4,40.7,48.1,33.8,0.51,4.53,Klickitat
1913-12,1.89,24,29.8,35.7,25.9,0.35,1.78,Klickitat
1914-01,4.69,29.5,36.4,43.2,29.6,0.56,3.63,Klickitat
1914-02,1.24,28.2,35.2,42.2,26.8,0.69,3.83,Klickitat
1914-03,0.48,32.2,43.4,54.6,30.1,0.94,9.01,Klickitat
1914-04,1.6,34.6,49.1,63.6,32.9,0.96,13.76,Klickitat
1914-05,0.53,39.9,56.7,73.5,35.9,1.57,21.35,Klickitat
1914-06,0.73,43.6,58.5,73.4,40.4,1.52,19.96,Klickitat
1914-07,0.09,49.9,68.5,87,43.5,2.7,35,Klickitat
1914-08,0,48.5,67.6,86.6,41.3,3.19,35.18,Klickitat
1914-09,1.33,40.7,55,69.3,38.3,1.26,16.84,Klickitat
1914-10,1.54,38,49.7,61.4,38.1,0.67,10.82,Klickitat
1914-11,1.44,31.6,39.4,47.2,32.3,0.46,4.55,Klickitat
1914-12,1.21,18.2,24.8,31.4,18.9,0.37,1.97,Klickitat
1915-01,2.7,21.5,27.2,32.8,21.7,0.47,1.8,Klickitat
1915-02,2.01,29.1,36.8,44.5,29.6,0.56,4.06,Klickitat
1915-03,1.37,33.1,45.2,57.4,31.7,0.86,9.92,Klickitat
1915-04,0.82,36,50.8,65.7,34.3,1,15.15,Klickitat
1915-05,1.93,40,53,66,38.6,0.95,14,Klickitat
1915-06,0.38,43.9,59.5,75.2,39.3,1.88,21.9,Klickitat
1915-07,1.07,49.4,65,80.7,45.5,2.1,26.13,Klickitat
1915-08,0.01,50.9,70.1,89.2,42.5,3.65,38.53,Klickitat
1915-09,0.17,40.8,57.2,73.5,37.5,1.39,21.03,Klickitat
1915-10,0.49,36.3,50.3,64.2,35.5,0.84,13.68,Klickitat
1915-11,4.94,29.1,36.7,44.3,30,0.45,3.9,Klickitat
1915-12,3.78,25.3,31.7,38.2,26.9,0.37,2.37,Klickitat
1916-01,2.86,9.6,17.1,24.6,12.1,0.29,1.33,Klickitat
1916-02,4.03,24.8,30.8,36.7,26.6,0.37,2.1,Klickitat
1916-03,4.03,31,40.2,49.5,30.7,0.66,5.99,Klickitat
1916-04,1.09,34,47.5,61,31.1,1.16,12.43,Klickitat
1916-05,0.49,36.6,49.5,62.4,32.4,1.48,13.22,Klickitat
1916-06,1.61,43.6,59.1,74.7,40.1,1.59,21.23,Klickitat
1916-07,0.86,46.3,62,77.6,44.6,1.26,22.96,Klickitat
1916-08,0.08,48.3,66.3,84.4,41.7,2.82,32.01,Klickitat
1916-09,0.21,41.8,58.5,75.2,37.4,1.78,22.69,Klickitat
1916-10,0.71,31.6,48.2,64.8,30.5,0.78,15.39,Klickitat
1916-11,2.2,24.2,33.9,43.5,25.8,0.35,4.52,Klickitat
1916-12,2.15,22.1,28.8,35.5,21.5,0.52,2.63,Klickitat
1917-01,1.53,21.5,29.5,37.5,20.5,0.56,3.33,Klickitat
1917-02,1.45,25.8,33.3,40.8,24.6,0.59,3.74,Klickitat
1917-03,1.52,25.4,34.6,43.9,22.7,0.9,5.21,Klickitat
1917-04,1.86,32.9,43.3,53.8,31.3,0.87,8.09,Klickitat
1917-05,0.81,38.2,51,63.7,36.2,1.1,13.05,Klickitat
1917-06,0.21,42.3,58,73.7,37.5,1.79,21.26,Klickitat
1917-07,0,49.9,68.7,87.6,42,3.39,36.3,Klickitat
1917-08,0,48.4,68.3,88.1,41,3.17,37.44,Klickitat
1917-09,0.32,44.2,59.7,75.1,40.8,1.71,21.53,Klickitat
1917-10,0,35.4,51.8,68.2,33.5,1.01,17.27,Klickitat
1917-11,2.77,32.1,41.7,51.3,33.8,0.33,6.06,Klickitat
1917-12,6.97,34.1,40.5,46.8,32.5,0.82,4.37,Klickitat
1918-01,2.64,29.2,36.2,43.2,28.3,0.68,3.92,Klickitat
1918-02,2.4,23,31.9,40.8,25.2,0.29,3.55,Klickitat
1918-03,0.61,29.4,40,50.6,29.6,0.61,6.81,Klickitat
1918-04,0.17,31.9,46.5,61.2,28,1.26,13.24,Klickitat
1918-05,1.31,36.5,50.6,64.8,32.7,1.4,14.81,Klickitat
1918-06,0.08,47,64.5,82,40.6,2.57,29.25,Klickitat
1918-07,0.37,47.9,65.2,82.5,44.3,1.85,28.68,Klickitat
1918-08,0.48,45.9,61.5,77.2,43.7,1.37,22.89,Klickitat
1918-09,0.89,44.6,61.9,79.2,41.9,1.55,25.66,Klickitat
1918-10,2.4,37.3,49.3,61.3,39,0.38,10.82,Klickitat
1918-11,1.56,29,37.8,46.5,30.6,0.38,4.69,Klickitat
1918-12,1.63,25,31.5,38,27.5,0.29,2.22,Klickitat
1919-01,3.83,21.2,29.3,37.5,24.9,0.15,2.5,Klickitat
1919-02,3.06,25.4,32.2,39,27.2,0.39,2.56,Klickitat
1919-03,1.57,29.4,39.8,50.2,28.7,0.79,6.87,Klickitat
1919-04,0.94,32.5,46.4,60.4,31.9,0.75,11.81,Klickitat
1919-05,0.61,36.5,51.5,66.5,34.4,1.08,15.44,Klickitat
1919-06,0.12,40.3,56.6,73,36.7,1.56,20.66,Klickitat
1919-07,0.18,47.7,66.6,85.5,42.3,2.53,33.31,Klickitat
1919-08,0,47.2,65.7,84.2,42.3,1.85,31.55,Klickitat
1919-09,1.47,40,55.4,70.8,38.4,1.13,18.2,Klickitat
1919-10,0.66,31,44.2,57.5,31.6,0.57,10.17,Klickitat
1919-11,2.03,27.7,36.4,45.1,29.2,0.38,4.42,Klickitat
1919-12,3.29,13.6,20.7,27.8,18.5,0.1,1.2,Klickitat
1920-01,2.18,22.2,28.6,35,24,0.35,2.04,Klickitat
1920-02,0.18,24.2,33.7,43.2,25,0.48,4.56,Klickitat
1920-03,0.94,28.7,39,49.3,28.3,0.7,6.49,Klickitat
1920-04,1.44,30.2,42.1,54.1,30.1,0.65,8.5,Klickitat
1920-05,0.35,33.6,49.4,65.1,32.4,0.82,14.9,Klickitat
1920-06,0.78,41.5,56.7,71.9,39,1.28,18.73,Klickitat
1920-07,0,49.5,67.3,85.2,43.6,2.7,32.42,Klickitat
1920-08,0.86,48.9,66.4,83.8,43.8,2.48,30.56,Klickitat
1920-09,1.1,42.9,56.2,69.6,40.3,1.39,16.5,Klickitat
1920-10,0.92,36.4,47,57.7,36.3,0.71,9.19,Klickitat
1920-11,3.25,27.5,36.8,46,30.6,0.22,4.51,Klickitat
1920-12,3.45,27.2,33.3,39.4,29.4,0.37,2.29,Klickitat
1921-01,2.64,23.9,30.5,37.1,26.1,0.35,2.25,Klickitat
1921-02,2.79,28,34.6,41.2,29.1,0.5,2.98,Klickitat
1921-03,2.01,31.1,41.1,51,30.3,0.77,6.8,Klickitat
1921-04,0.64,31.9,43.7,55.6,30.2,0.92,9.36,Klickitat
1921-05,0.72,37.7,52.6,67.4,35.9,1.07,16.06,Klickitat
1921-06,0.46,45.4,59.2,73,41.5,1.79,18.85,Klickitat
1921-07,0,45.6,64,82.4,42,1.87,29.35,Klickitat
1921-08,0.08,46.9,65,83,42.6,2.01,29.92,Klickitat
1921-09,0.86,38.6,53.4,68.1,36.4,1.2,16.32,Klickitat
1921-10,1.15,35.4,49.6,63.7,35.6,0.66,13.22,Klickitat
1921-11,5.71,27.8,37.2,46.6,30.5,0.2,4.78,Klickitat
1921-12,1.66,21.1,27.1,33.1,24.8,0.25,1.45,Klickitat
1922-01,1.12,12.9,21,29.1,16.3,0.24,1.79,Klickitat
1922-02,1.11,20.2,28.6,37.1,21.5,0.36,3.09,Klickitat
1922-03,1.34,26.9,36.3,45.7,26.2,0.71,5.26,Klickitat
1922-04,0.58,29.8,42.6,55.3,29.4,0.69,9.3,Klickitat
1922-05,0.13,36.9,51.3,65.6,33.9,1.29,14.99,Klickitat
1922-06,0.21,46,63.4,80.7,41.5,2.2,27.36,Klickitat
1922-07,0,49.3,67.9,86.4,43.3,2.86,34.03,Klickitat
1922-08,0.93,48.6,65.2,81.7,44.8,1.99,27.73,Klickitat
1922-09,0.39,41.3,59,76.6,39.3,1.26,23.47,Klickitat
1922-10,1.34,36,48.9,61.7,37.1,0.54,11.4,Klickitat
1922-11,0.86,27.7,34,40.4,29.2,0.39,2.72,Klickitat
1922-12,4.9,17.9,24.8,31.6,21.5,0.2,1.56,Klickitat
1923-01,5.18,28.2,33.7,39.3,28.2,0.56,2.43,Klickitat
1923-02,0.87,18.5,26.6,34.8,20.1,0.3,2.74,Klickitat
1923-03,0.95,28.2,39.2,50.1,27.1,0.76,7.1,Klickitat
1923-04,0.99,33.3,46.4,59.6,32.2,0.84,11.32,Klickitat
1923-05,0.64,38.2,51.8,65.4,36.6,0.94,14.15,Klickitat
1923-06,0.53,44,58.1,72.2,42.9,0.88,17.71,Klickitat
1923-07,1.53,50.5,66.2,81.9,46.3,2.28,27.43,Klickitat
1923-08,0.58,49.4,66.4,83.5,44,2.51,29.86,Klickitat
1923-09,0.65,41.9,59.3,76.7,39.9,1.27,23.54,Klickitat
1923-10,1.03,34.8,47,59.3,36.7,0.38,9.94,Klickitat
1923-11,1.34,31.1,40.3,49.5,32.5,0.38,5.61,Klickitat
1923-12,3.93,24.5,32.1,39.7,27.2,0.29,2.91,Klickitat
1924-01,1.68,19.2,26.4,33.5,20.5,0.36,2.19,Klickitat
1924-02,2.12,31.5,40,48.5,32,0.56,5.26,Klickitat
1924-03,0.6,28.5,39.1,49.7,27.1,0.82,6.93,Klickitat
1924-04,0.1,31.9,46.3,60.6,28.9,1.16,12.6,Klickitat
1924-05,0,39.7,57.4,75.2,35.6,1.71,23.02,Klickitat
1924-06,0.3,44.7,60.7,76.7,39.6,2.08,23.42,Klickitat
1924-07,0,48.4,65.6,82.9,43.2,2.6,29.76,Klickitat
1924-08,0.13,46.2,64,81.8,42.5,1.94,28.43,Klickitat
1924-09,0.73,40.6,57.3,74.1,38.6,1.16,21.21,Klickitat
1924-10,1.67,35.7,47.4,59.1,36.4,0.55,10.11,Klickitat
1924-11,4.17,29.8,35.9,42,30.9,0.43,2.85,Klickitat
1924-12,1.87,15.9,23.6,31.4,18.8,0.29,1.99,Klickitat
1925-01,3.07,28.2,34.9,41.7,27.8,0.59,3.38,Klickitat
1925-02,2.84,31.4,39.1,46.7,32.2,0.57,4.36,Klickitat
1925-03,0.57,29.3,41.1,53,29.5,0.62,8.02,Klickitat
1925-04,1.17,34.7,48.8,62.9,34.6,0.7,12.9,Klickitat
1925-05,1.85,41.4,55.5,69.6,39.2,1.21,16.86,Klickitat
1925-06,0.22,44.5,59.9,75.3,40.9,1.62,21.65,Klickitat
1925-07,0,50.1,68.3,86.5,43.7,2.8,34.28,Klickitat
1925-08,0.04,45.3,63.4,81.6,42.5,1.13,28.33,Klickitat
1925-09,0.56,42.8,57.5,72.2,40.6,1.36,18.85,Klickitat
1925-10,0.31,32.1,47.5,62.9,32.6,0.58,13.47,Klickitat
1925-11,2.04,27.7,36.8,45.9,30.5,0.2,4.45,Klickitat
1925-12,2.2,30.8,36,41.2,32.1,0.45,2.24,Klickitat
1926-01,1.42,27.5,31.9,36.2,27.3,0.56,1.75,Klickitat
1926-02,3.46,31.5,39.9,48.3,32.4,0.5,4.96,Klickitat
1926-03,0.2,30,44.4,58.8,30.1,0.62,11.24,Klickitat
1926-04,0.63,36.5,51.9,67.3,34.4,1.08,16.28,Klickitat
1926-05,0.5,37.4,51.8,66.2,36.1,0.93,14.88,Klickitat
1926-06,0.21,45.9,63,80,40.9,2.01,26.74,Klickitat
1926-07,0,49.7,67.6,85.5,43.2,2.91,33.16,Klickitat
1926-08,0.57,47,64.1,81.2,43.4,1.88,27.59,Klickitat
1926-09,0.62,37.6,52.3,67,35.9,1.08,15.62,Klickitat
1926-10,1.53,35.8,48.4,61.1,36.6,0.53,11.11,Klickitat
1926-11,5.83,30.8,38.7,46.7,33.4,0.21,4.04,Klickitat
1926-12,2.68,22.2,29.2,36.2,25.4,0.27,2.08,Klickitat
1927-01,3.71,19.3,25,30.8,23.2,0.27,1.14,Klickitat
1927-02,4.61,29.2,35.5,41.7,29.2,0.58,3.18,Klickitat
1927-03,0.71,29.3,39,48.7,28.2,0.8,6.19,Klickitat
1927-04,0.17,31.2,44.1,57,28.6,1.08,10.41,Klickitat
1927-05,0.91,36.2,49.1,62.1,34.7,0.93,12.24,Klickitat
1927-06,0.77,44.7,59.5,74.3,42,1.43,20.26,Klickitat
1927-07,0.46,47,64.6,82.3,42.8,2,28.93,Klickitat
1927-08,0.13,47.3,63.8,80.3,43.5,1.92,26.44,Klickitat
1927-09,2.01,41.5,54.6,67.7,41.7,0.7,14.32,Klickitat
1927-10,1.42,36.3,48.1,59.9,37.5,0.47,10.14,Klickitat
1927-11,3.99,34.4,41.4,48.3,34.6,0.55,4.43,Klickitat
1927-12,1.34,19,26.4,33.7,20.1,0.37,2.39,Klickitat
1928-01,2.85,20.4,26.3,32.3,24.5,0.24,1.25,Klickitat
1928-02,0.37,23.8,32.3,40.8,25.2,0.41,3.62,Klickitat
1928-03,2.63,32.2,41.4,50.5,31.9,0.69,6.22,Klickitat
1928-04,1.02,32.6,43.5,54.4,30.6,1,8.47,Klickitat
1928-05,0.22,39.6,56.2,72.9,36.2,1.43,20.74,Klickitat
1928-06,0.64,44.5,57.6,70.6,40.9,1.67,17.28,Klickitat
1928-07,0.16,50,66.9,83.9,45.2,2.44,30.24,Klickitat
1928-08,0.03,45.5,63.1,80.8,41.3,1.71,27.79,Klickitat
1928-09,0.25,40.1,56.7,73.2,37.1,1.42,21.03,Klickitat
1928-10,0.58,34.5,46.9,59.2,35.4,0.54,10.2,Klickitat
1928-11,1.79,30.5,38.1,45.7,31.7,0.4,4.06,Klickitat
1928-12,2.73,23.4,29,34.5,24.9,0.36,1.75,Klickitat
1929-01,2.31,14.1,21,27.9,16,0.33,1.55,Klickitat
1929-02,0.4,12,21.4,30.8,14.9,0.22,2.29,Klickitat
1929-03,0.8,30.6,40.9,51.2,29.8,0.74,7.09,Klickitat
1929-04,0.82,30.9,42.8,54.6,28.7,0.99,9.06,Klickitat
1929-05,0.5,36.9,52.2,67.5,33.9,1.25,16.52,Klickitat
1929-06,0.58,44.2,57.6,70.9,41.3,1.42,17.4,Klickitat
1929-07,0,45.9,63.4,80.9,41.5,2.33,27.9,Klickitat
1929-08,0.05,48,66.2,84.3,41.6,2.73,32.28,Klickitat
1929-09,0.12,38.7,54.6,70.6,36.1,1.33,18.72,Klickitat
1929-10,0.21,35,49.9,64.8,34,0.81,14.5,Klickitat
1929-11,0.07,23.2,36.7,50.2,25,0.29,7.4,Klickitat
1929-12,5.09,28,35.2,42.4,29.3,0.4,3.32,Klickitat
1930-01,2.64,4,12.2,20.3,9.2,0.13,0.96,Klickitat
1930-02,2.34,30.1,37.5,45,30.8,0.51,4.02,Klickitat
1930-03,0.81,30.7,42,53.2,29.5,0.8,8.05,Klickitat
1930-04,0.59,35.3,49.3,63.4,34,0.9,13.39,Klickitat
1930-05,0.51,37.7,50.8,63.8,35.6,1.1,13.43,Klickitat
1930-06,0.16,41,56.3,71.6,38.6,1.19,18.78,Klickitat
1930-07,0.03,47.9,65.1,82.3,42.8,2.27,29.34,Klickitat
1930-08,0.09,47.9,65.4,82.9,43,2.03,30.22,Klickitat
1930-09,0.42,42.7,57.4,72,39.9,1.48,18.96,Klickitat
1930-10,0.83,31.9,44.3,56.7,33.2,0.46,9.2,Klickitat
1930-11,1.75,27.8,36,44.1,29.2,0.38,4.1,Klickitat
1930-12,0.69,24.9,29.8,34.6,25.9,0.4,1.54,Klickitat
1931-01,2.14,26.8,32.9,39,28.2,0.37,2.42,Klickitat
1931-02,0.56,26.3,34.7,43.1,27.3,0.47,4.11,Klickitat
1931-03,3.76,30.2,40.1,50,30.1,0.67,6.46,Klickitat
1931-04,0.61,33.5,46.7,59.8,31.5,1.06,11.6,Klickitat
1931-05,0.26,40.1,55.8,71.6,36.3,1.59,19.61,Klickitat
1931-06,1.25,44.2,57.7,71.3,42.4,1.23,17.45,Klickitat
1931-07,0,47.9,66.3,84.7,42.6,2.58,32.42,Klickitat
1931-08,0,46.9,64.9,82.9,40.9,2.62,30.6,Klickitat
1931-09,0.38,42.2,56.2,70.2,38.5,1.67,17.75,Klickitat
1931-10,0.85,33.8,47.1,60.4,33.9,0.66,11.43,Klickitat
1931-11,1.86,25.4,33.5,41.5,27.6,0.34,3.56,Klickitat
1931-12,4.36,18.6,25.6,32.7,23.7,0.05,1.4,Klickitat
1932-01,2.38,21.2,27.8,34.3,22.7,0.37,2.14,Klickitat
1932-02,1.53,20.6,29.4,38.3,23.8,0.18,2.95,Klickitat
1932-03,2.51,32.4,39.7,47,30.4,0.94,5.03,Klickitat
1932-04,0.96,34.8,46.2,57.6,33.2,0.98,9.94,Klickitat
1932-05,1.52,38.7,51.2,63.6,37.1,1.03,13.9,Klickitat
1932-06,0.06,44.4,60.1,75.8,40.3,1.85,24.15,Klickitat
1932-07,0.07,45.6,60.7,75.8,42.3,1.75,22.18,Klickitat
1932-08,0.23,47.2,62.4,77.7,42.8,2.14,23.92,Klickitat
1932-09,0,40.5,57.7,74.9,36,1.78,23.05,Klickitat
1932-10,0.91,36.8,48.7,60.6,35.8,0.87,11.02,Klickitat
1932-11,3.65,32.8,40.6,48.4,34.4,0.37,4.51,Klickitat
1932-12,2.42,18.9,26.5,34.2,21.3,0.29,2.29,Klickitat
1933-01,2.67,23.6,30.6,37.6,25.5,0.32,2.43,Klickitat
1933-02,1.89,18.3,27.1,36,20.2,0.27,2.97,Klickitat
1933-03,1.69,29.6,38.7,47.9,29.3,0.68,5.61,Klickitat
1933-04,0.14,31.6,45.4,59.2,29.7,1,11.83,Klickitat
1933-05,1.2,36.8,48.2,59.6,34.6,1.07,10.7,Klickitat
1933-06,0.58,44.1,57.6,71.1,40.2,1.73,18.17,Klickitat
1933-07,0.05,48.4,64.9,81.4,42.5,2.57,28.39,Klickitat
1933-08,0.1,48.9,65,81.1,42.8,2.75,27.84,Klickitat
1933-09,1.22,40.9,53,65,37.7,1.45,13.61,Klickitat
1933-10,1.52,36.9,50.3,63.8,36.4,0.75,13.07,Klickitat
1933-11,0.95,30.4,39.5,48.5,32.6,0.26,5.09,Klickitat
1933-12,8.63,31.7,37.6,43.5,32.3,0.5,3.04,Klickitat
1934-01,2.76,30.8,37.7,44.6,31.1,0.55,3.72,Klickitat
1934-02,0.64,30,39.8,49.6,30.3,0.57,6.18,Klickitat
1934-03,2,34.1,46.5,58.9,33.1,0.79,10.58,Klickitat
1934-04,0.79,39.6,53.3,67.1,36.2,1.45,15.76,Klickitat
1934-05,0.25,41.9,55.9,69.9,38.1,1.64,17.55,Klickitat
1934-06,0.19,44.6,59.7,74.7,41.6,1.47,20.84,Klickitat
1934-07,0,47,63.5,79.9,42.5,2.16,26.46,Klickitat
1934-08,0.24,49,65.6,82.3,42.1,2.83,29.44,Klickitat
1934-09,0.63,42.4,56.3,70.2,37,2,18.04,Klickitat
1934-10,2.17,39.4,50.2,61,38.8,0.81,10.39,Klickitat
1934-11,3.45,35.2,41.6,48,36.9,0.31,3.61,Klickitat
1934-12,3.04,28.5,33.8,39.1,29.7,0.42,2.23,Klickitat
1935-01,2,22.7,29.8,37,24.3,0.37,2.51,Klickitat
1935-02,0.83,27.5,35.9,44.2,27.7,0.53,4.44,Klickitat
1935-03,1.32,27,36.8,46.5,26.7,0.64,5.67,Klickitat
1935-04,0.62,31,43.7,56.4,29.4,0.84,10.02,Klickitat
1935-05,0.59,36.6,52.1,67.7,33.2,1.3,16.98,Klickitat
1935-06,0.74,44.2,58.8,73.4,40.2,1.72,20.06,Klickitat
1935-07,0.26,48.6,64.3,79.9,43.7,2.3,26,Klickitat
1935-08,0,46,62.9,79.7,41.7,1.99,26.39,Klickitat
1935-09,0.19,43.9,60.4,77,38.5,2.05,24.39,Klickitat
1935-10,0.67,33.5,46.2,59,34.3,0.57,10.59,Klickitat
1935-11,1,24.7,34.4,44.1,26.8,0.3,4.48,Klickitat
1935-12,2.26,26.1,30.3,34.4,27.7,0.37,1.11,Klickitat
1936-01,5.4,28.1,33.7,39.2,27.5,0.62,2.71,Klickitat
1936-02,1.94,12.6,19.8,27,15.1,0.19,1.48,Klickitat
1936-03,1.1,28.6,38.8,49.1,27.5,0.77,6.67,Klickitat
1936-04,0.43,35.9,49.2,62.5,34,1.03,12.8,Klickitat
1936-05,0.9,41.9,56.1,70.3,39.2,1.34,17.57,Klickitat
1936-06,1.99,47.4,60.3,73.3,44.4,1.57,18.47,Klickitat
1936-07,0.06,49.2,65.2,81.2,44.1,2.55,27.5,Klickitat
1936-08,0.21,47.7,64.7,81.7,43.1,2.18,28.34,Klickitat
1936-09,0.13,40.5,57.2,73.9,38.7,1.12,20.95,Klickitat
1936-10,0.03,36.4,52.1,67.8,34.7,1.03,16.59,Klickitat
1936-11,0.08,23.1,34.6,46.1,24.8,0.31,5.81,Klickitat
1936-12,2.44,27.7,35,42.3,28.9,0.39,3.34,Klickitat
1937-01,2.47,4.9,13.7,22.5,8.3,0.26,1.4,Klickitat
1937-02,2.05,20.7,28.9,37.1,22.7,0.3,2.8,Klickitat
1937-03,1.89,31.4,41.1,50.8,31.4,0.63,6.45,Klickitat
1937-04,1.85,33.8,43.9,54,33.4,0.7,7.47,Klickitat
1937-05,0.46,38.4,53.2,68,35.1,1.37,16.57,Klickitat
1937-06,3,46,60,74,44.1,1.24,19.17,Klickitat
1937-07,0.18,50.8,67.4,84,45,2.8,30.62,Klickitat
1937-08,0.56,46.5,62.1,77.7,42.7,1.99,23.77,Klickitat
1937-09,0.69,43.8,58.6,73.4,40.9,1.59,19.77,Klickitat
1937-10,0.72,38.2,51.3,64.5,38.5,0.6,12.91,Klickitat
1937-11,4.09,33.5,40.8,48,34.6,0.44,4.38,Klickitat
1937-12,4.46,28.2,34.3,40.4,30.3,0.32,2.39,Klickitat
1938-01,1.59,25.7,31.8,38,27.8,0.33,2.19,Klickitat
1938-02,2.42,26.3,32.6,39,26.9,0.49,2.75,Klickitat
1938-03,3.54,29.4,39.4,49.4,30.4,0.54,6.06,Klickitat
1938-04,0.74,34.4,47.2,60,33,0.93,11.19,Klickitat
1938-05,0.16,37.6,51.8,66.1,35.6,1.11,15.04,Klickitat
1938-06,0.98,45.5,61.5,77.4,42.1,1.72,23.37,Klickitat
1938-07,0.18,51.3,68.5,85.8,44.9,2.82,32.43,Klickitat
1938-08,0.04,44.7,61.4,78.1,40.9,1.57,24.61,Klickitat
1938-09,0.17,45.2,61.9,78.6,42.2,1.64,24.88,Klickitat
1938-10,3.37,36.7,47.7,58.7,38.3,0.43,8.98,Klickitat
1938-11,2.58,25.8,33.5,41.3,28.3,0.27,3.24,Klickitat
1938-12,2.4,25.8,33.2,40.7,28.1,0.27,2.96,Klickitat
1939-01,2.09,27.2,35.2,43.2,28.9,0.37,3.82,Klickitat
1939-02,2.83,23.8,32.8,41.8,23.9,0.5,4.22,Klickitat
1939-03,1.45,30.9,42.4,53.9,29.6,0.79,8.36,Klickitat
1939-04,0.15,33.7,48.4,63.2,32,0.97,13.73,Klickitat
1939-05,0.65,39.1,55.3,71.4,36.5,1.3,19.41,Klickitat
1939-06,0.4,42.2,57.2,72.2,39.5,1.23,18.95,Klickitat
1939-07,0.23,49.1,66.8,84.5,43.9,2.56,31.44,Klickitat
1939-08,0.16,47.8,66.9,86,41.1,2.84,34.18,Klickitat
1939-09,0.23,41.8,59.7,77.6,39.3,1.34,24.63,Klickitat
1939-10,0.36,35.7,49.8,63.9,36.5,0.56,13.26,Klickitat
1939-11,0.2,27.7,41,54.3,31,0.09,8.39,Klickitat
1939-12,4.78,30.1,36.9,43.7,32.8,0.21,3,Klickitat
1940-01,2.22,24.1,29.9,35.8,25,0.44,2.14,Klickitat
1940-02,5.86,31.9,37.8,43.8,31.2,0.65,3.43,Klickitat
1940-03,1.89,34.3,45.4,56.4,33.1,0.83,9.12,Klickitat
1940-04,1.75,35.4,47.5,59.7,35.5,0.63,10.58,Klickitat
1940-05,0.34,40.2,56.6,72.9,37.4,1.31,20.29,Klickitat
1940-06,0.14,45.5,63,80.5,40.1,2.13,27.85,Klickitat
1940-07,0.56,49.4,66.1,82.8,45.5,2.07,28.97,Klickitat
1940-08,0,47.5,66.4,85.4,41.9,2.23,33.22,Klickitat
1940-09,1.53,46.1,61.2,76.2,46.1,0.79,21.01,Klickitat
1940-10,2.19,40.1,51.5,62.9,40.9,0.51,11.12,Klickitat
1940-11,2.51,26.3,34,41.7,28.1,0.3,3.49,Klickitat
1940-12,2.42,25.3,32.4,39.5,29,0.05,2.31,Klickitat
1941-01,3.11,25.7,31.2,36.7,27.5,0.27,1.85,Klickitat
1941-02,1.12,27.6,37.1,46.6,29.2,0.3,5.06,Klickitat
1941-03,0.61,31.6,44.7,57.9,30.3,0.77,10.61,Klickitat
1941-04,1.13,34.8,49.1,63.3,33.9,0.79,13.54,Klickitat
1941-05,1.64,39.2,52.7,66.1,39,0.58,14.18,Klickitat
1941-06,0.36,42.6,58.3,73.9,43.6,0.31,19.41,Klickitat
1941-07,0.12,51.1,69.9,88.8,46.2,2.37,36.25,Klickitat
1941-08,0.6,49,65.9,82.9,46.4,1.34,28.67,Klickitat
1941-09,0.94,41.2,54.7,68.3,41.1,0.59,15.09,Klickitat
1941-10,1.11,35.1,47.5,60,37.7,0.16,10.03,Klickitat
1941-11,2.78,29.7,40.2,50.6,34,0.02,5.65,Klickitat
1941-12,3.93,27.9,34.4,40.9,29.9,0.34,2.77,Klickitat
1942-01,1.78,16.1,22.3,28.6,19.4,0.19,1.2,Klickitat
1942-02,2.76,27,34.7,42.4,26.8,0.42,3.87,Klickitat
1942-03,0.54,27.6,40.4,53.1,27.3,0.51,8.6,Klickitat
1942-04,0.4,33.7,47.6,61.5,33,0.67,12.75,Klickitat
1942-05,1.67,37.9,51,64.1,38.8,0.29,12.68,Klickitat
1942-06,0.53,42.2,56.3,70.4,40.9,0.71,17.14,Klickitat
1942-07,0.22,49.2,67,84.8,46.1,1.51,31.53,Klickitat
1942-08,0.21,48.8,67.1,85.4,44,2.09,32.82,Klickitat
1942-09,0.04,41,59.9,78.9,38.9,1.12,26.08,Klickitat
1942-10,0.55,34.7,50.8,66.8,36.3,0.38,15.36,Klickitat
1942-11,6.57,29.7,36,42.3,31.4,0.24,2.82,Klickitat
1942-12,5.7,28,34.1,40.2,29.5,0.22,2.44,Klickitat
1943-01,2.97,14.4,22.4,30.4,18,0.2,1.85,Klickitat
1943-02,2.28,26,33.7,41.4,27.7,0.29,3.23,Klickitat
1943-03,2.7,27.8,38.2,48.5,26.1,0.73,6.59,Klickitat
1943-04,1.57,35.4,48,60.6,35.3,0.61,11.59,Klickitat
1943-05,0.64,35.7,49.8,63.8,35.4,0.69,13.58,Klickitat
1943-06,0.98,40.5,55.7,70.8,41.4,0.22,17.29,Klickitat
1943-07,0,47.3,65.7,84.2,44.5,1.49,30.76,Klickitat
1943-08,0.41,44.5,62.2,79.9,42.9,1.23,25.95,Klickitat
1943-09,0.01,41.4,61.3,81.2,39.1,1.76,27.94,Klickitat
1943-10,3.08,35.7,49.3,62.8,38.8,0.13,12.33,Klickitat
1943-11,1.33,31.4,38,44.6,32.7,0.28,3.18,Klickitat
1943-12,0.88,24.8,30.6,36.4,26.9,0.27,1.96,Klickitat
1944-01,1.3,22.8,29.7,36.6,23.5,0.4,2.74,Klickitat
1944-02,1.73,26.6,35,43.5,27.1,0.42,4.2,Klickitat
1944-03,0.61,27.1,39.6,52,25.4,0.78,8.44,Klickitat
1944-04,1.1,33,46.2,59.4,33.3,0.71,10.99,Klickitat
1944-05,0.31,38,53.4,68.7,35.3,1.2,17.07,Klickitat
1944-06,1.19,43.2,57.3,71.3,41.9,0.96,17.36,Klickitat
1944-07,0,48.4,66.2,83.9,43.7,2.19,30.43,Klickitat
1944-08,0,46.2,64.2,82.2,43,1.55,28.17,Klickitat
1944-09,0.52,43.6,61.2,78.9,40.9,1.45,25.95,Klickitat
1944-10,0.43,37.9,53.9,69.9,38.5,0.64,16.81,Klickitat
1944-11,2.67,28.7,36.7,44.7,31.7,0.14,3.77,Klickitat
1944-12,1.14,23.8,28.6,33.3,25.4,0.31,1.42,Klickitat
1945-01,2.42,27.8,33.5,39.3,28.7,0.34,2.52,Klickitat
1945-02,2.62,28.1,36.6,45,29.3,0.35,4.37,Klickitat
1945-03,1.7,28.8,38.2,47.5,28.7,0.45,5.74,Klickitat
1945-04,1.01,32.2,44.5,56.9,30.6,0.78,10.04,Klickitat
1945-05,2.15,38.6,53.6,68.5,39.6,0.38,16.02,Klickitat
1945-06,0.04,41.1,57.6,74.1,40,0.77,21.11,Klickitat
1945-07,0,46.9,66.6,86.3,43.2,1.66,34.22,Klickitat
1945-08,0.08,47.2,66.9,86.6,42.8,1.58,34.51,Klickitat
1945-09,0.8,38.9,56.1,73.3,39.1,0.52,20.77,Klickitat
1945-10,0.9,35,51.1,67.2,37.6,0.21,15.55,Klickitat
1945-11,4.4,29.6,37.2,44.9,32,0.19,3.68,Klickitat
1945-12,4.95,25,30.5,36.1,26.9,0.33,1.97,Klickitat
1946-01,2.73,26.2,34,41.7,27.5,0.34,3.49,Klickitat
1946-02,2.22,28.2,36.7,45.1,28.1,0.52,4.68,Klickitat
1946-03,1.86,30.3,40.4,50.5,31.2,0.34,6.45,Klickitat
1946-04,0.28,32.4,46.7,61,32.3,0.59,12.25,Klickitat
1946-05,0.56,39.7,55.4,71.1,37.2,1.2,18.58,Klickitat
1946-06,1.2,43.1,57.5,72,41.7,0.87,18.21,Klickitat
1946-07,0.29,48,65.4,82.7,44.9,1.84,28.66,Klickitat
1946-08,0.2,46.7,65.8,84.8,43.5,1.83,31.9,Klickitat
1946-09,0.42,40.6,56.4,72.3,40.6,0.73,18.69,Klickitat
1946-10,1.96,33.4,45.3,57.2,33.8,0.61,9.71,Klickitat
1946-11,3.43,26.1,35.6,45.1,28.7,0.21,4.59,Klickitat
1946-12,2.04,28.8,35.4,41.9,28.9,0.46,3.22,Klickitat
1947-01,2.29,19.5,28,36.5,21.5,0.33,2.81,Klickitat
1947-02,1.38,29.1,39,49,28.4,0.65,5.98,Klickitat
1947-03,1.52,31.9,44.4,56.9,30.9,0.71,9.82,Klickitat
1947-04,0.94,34.5,49.2,63.9,33.6,0.89,13.86,Klickitat
1947-05,0.09,41,57.2,73.3,38.4,1.41,20.57,Klickitat
1947-06,2.08,43.4,56.4,69.5,43.1,0.69,15.3,Klickitat
1947-07,0.49,48.5,63.5,78.5,44.4,2.06,24.11,Klickitat
1947-08,0,45.1,61.5,78,42.7,1.49,23.93,Klickitat
1947-09,1.66,41.7,58.2,74.6,42,0.59,20.52,Klickitat
1947-10,4.41,37.4,47.6,57.8,41.2,0.01,7.82,Klickitat
1947-11,2.14,31.7,39.2,46.8,32.5,0.4,4.45,Klickitat
1947-12,1.33,27.7,34.5,41.2,30.2,0.19,2.69,Klickitat
1948-01,3.96,23.8,31,38.2,25,0.21,2.96,Klickitat
1948-02,3.09,22,31.1,40.3,24,0.21,3.91,Klickitat
1948-03,1.5,26.6,36,45.4,26.9,0.27,5.3,Klickitat
1948-04,0.8,31.5,42.1,52.8,32.9,0.27,7.31,Klickitat
1948-05,1.79,38.8,50.6,62.5,41,0.2,10.81,Klickitat
1948-06,1.76,45.4,60.7,76.1,50,0.01,18.87,Klickitat
1948-07,0.44,41.8,59.7,77.6,46.5,0,22.03,Klickitat
1948-08,0.75,42.2,59.2,76.2,47.7,0,19.95,Klickitat
1948-09,1.34,36.3,53,69.6,40.2,0.09,17.65,Klickitat
1948-10,0.49,28.3,44.4,60.5,35.4,0,10.56,Klickitat
1948-11,3.54,27.5,36.2,44.8,30.3,0.02,3.98,Klickitat
1948-12,4.74,17.2,24.8,32.3,22,0.07,1.64,Klickitat
1949-01,0.73,1.7,13.8,25.9,8.1,0.15,2.03,Klickitat
1949-02,4.8,19.5,28.3,37.1,23.1,0.18,2.68,Klickitat
1949-03,1.6,27.3,38.1,48.9,31,0,5.58,Klickitat
1949-04,0.11,33,47.9,62.8,32.3,0.77,13.56,Klickitat
1949-05,0.6,37.2,53.5,69.9,39.6,0.03,17.46,Klickitat
1949-06,0.1,39.7,56.5,73.4,37.1,1.48,20.86,Klickitat
1949-07,0,47.3,64.2,81.2,41.5,2.78,27.95,Klickitat
1949-08,0.15,43.4,61.6,79.7,43.8,0.96,25.24,Klickitat
1949-09,0.48,43.6,59.7,75.9,40.8,1.78,22.5,Klickitat
1949-10,0.56,23.3,40.8,58.3,32.1,0,10.17,Klickitat
1949-11,2.98,28.4,40.4,52.4,36.2,0,5.63,Klickitat
1949-12,1.48,23.4,31.7,39.9,27.2,0.04,3.03,Klickitat
1950-01,5.52,2.8,12.6,22.3,9.7,0.1,1.35,Klickitat
1950-02,2.2,18,27.6,37.2,23.2,0,2.71,Klickitat
1950-03,2.5,26.5,35.8,45,29.6,0,4.48,Klickitat
1950-04,0.82,27.3,40.8,54.3,29.7,0.16,9,Klickitat
1950-05,0.22,32.2,48.2,64.2,32.8,0.43,14.68,Klickitat
1950-06,1.55,43.1,56.5,70,44.3,0.47,15.36,Klickitat
1950-07,0.15,47.1,64.3,81.5,47,0.92,26.11,Klickitat
1950-08,0.05,45,63.8,82.7,46.4,0.51,28.05,Klickitat
1950-09,0.27,39.4,58.2,77,38.2,1.19,25.04,Klickitat
1950-10,5.01,35,45,55,40.2,0,5.81,Klickitat
1950-11,3.35,31,38.6,46.2,33.1,0.11,3.9,Klickitat
1950-12,4.13,29.9,35.7,41.5,33.9,0,1.74,Klickitat
1951-01,5.14,22.9,28.9,34.8,24.6,0.19,1.86,Klickitat
1951-02,2.3,24.5,33.1,41.6,26.1,0.22,3.71,Klickitat
1951-03,1.95,23.4,34,44.7,25.3,0.28,5.36,Klickitat
1951-04,0.61,30.4,46.2,62,27.9,1.01,13.89,Klickitat
1951-05,1.15,36.5,51,65.5,37,0.57,14.3,Klickitat
1951-06,0.62,41.4,58.3,75.1,40.5,0.68,21.8,Klickitat
1951-07,0.25,45.4,64,82.6,44.9,0.71,28.52,Klickitat
1951-08,0.34,41.2,60.8,80.5,42.2,0.22,27.36,Klickitat
1951-09,0.41,37.7,56.6,75.4,39.2,0.54,22.32,Klickitat
1951-10,3.48,31.4,44.2,57,39.1,0,7.6,Klickitat
1951-11,2.77,27.1,36,44.8,30.5,0,3.86,Klickitat
1951-12,3.48,18.9,26.6,34.4,23.6,0,2.04,Klickitat
1952-01,2.3,14.4,23.8,33.2,19.7,0.03,2.28,Klickitat
1952-02,1.7,25.3,33.6,41.9,26.8,0.24,3.66,Klickitat
1952-03,0.47,27.2,37.2,47.2,27.8,0.36,5.78,Klickitat
1952-04,0.2,28.8,45.6,62.5,31.9,0.31,13.07,Klickitat
1952-05,0.72,34.3,51.2,68.1,38.6,0,15.97,Klickitat
1952-06,1.73,41.2,55.8,70.4,42.6,0.04,16.28,Klickitat
1952-07,0,44.2,64.7,85.1,44.4,0.4,32.08,Klickitat
1952-08,0.15,44.1,62.1,80.2,45.3,0.18,25.5,Klickitat
1952-09,0.19,39.6,59.5,79.5,41,0.54,26.08,Klickitat
1952-10,0.05,32.7,51.2,69.7,36.8,0.18,16.92,Klickitat
1952-11,0.62,19.2,30.6,42,26.6,0,3.95,Klickitat
1952-12,3.28,24.5,30.8,37.2,29.4,0,1.66,Klickitat
1953-01,7.65,30.9,38.3,45.7,34.5,0,3.15,Klickitat
1953-02,2.55,25.4,35.8,46.2,29.4,0,4.7,Klickitat
1953-03,0.99,26.4,38.5,50.6,29.1,0.07,7.12,Klickitat
1953-04,1.29,28.8,41.8,54.8,31.3,0.14,8.93,Klickitat
1953-05,1.62,34.6,48.3,62,36.3,0.16,12.11,Klickitat
1953-06,0.91,40.3,52.9,65.4,41.5,0.23,12.51,Klickitat
1953-07,0,44.9,64.5,84.2,42.8,1.18,31.11,Klickitat
1953-08,0.7,47.2,63.3,79.3,46.5,0.91,24.38,Klickitat
1953-09,0.07,41.7,58.8,76,39.7,1.69,23.03,Klickitat
1953-10,0.76,34.1,48.9,63.7,37.3,0.33,12.06,Klickitat
1953-11,3.12,31.9,40.9,50,34.7,0.09,4.96,Klickitat
1953-12,3.72,28.1,36,43.9,31.4,0.05,3.35,Klickitat
1954-01,5.25,21.6,28.6,35.7,23.7,0.2,2.34,Klickitat
1954-02,1.19,26.2,32.7,39.3,28.5,0.17,2.94,Klickitat
1954-03,0.87,25.2,36.3,47.5,23.3,0.64,6.66,Klickitat
1954-04,0.6,29.9,42.9,55.9,28.9,0.69,9.78,Klickitat
1954-05,0.68,38.1,52.9,67.7,34.8,1.35,16.78,Klickitat
1954-06,0.82,41.1,54.2,67.2,39.7,0.89,14.87,Klickitat
1954-07,0.3,43.9,61.4,78.8,44.1,0.6,24.17,Klickitat
1954-08,0.2,44.4,59.7,75,44.9,0.64,19.99,Klickitat
1954-09,0.52,38.9,54.9,70.9,42.7,0.2,16.56,Klickitat
1954-10,0.98,30.5,44.6,58.7,33.8,0.24,9.95,Klickitat
1954-11,2.13,33.4,42.3,51.3,37.2,0.04,4.78,Klickitat
1954-12,1.32,24.1,30.9,37.7,25.9,0.17,2.38,Klickitat
1955-01,0.9,23,29.2,35.3,25.9,0.09,1.85,Klickitat
1955-02,0.95,23.5,32.6,41.7,22.9,0.5,4.4,Klickitat
1955-03,1.77,24.3,33.2,42.1,22,0.66,4.87,Klickitat
1955-04,1.36,29.3,40,50.7,28.1,0.56,7.64,Klickitat
1955-05,0.44,35.4,48.9,62.3,33.5,0.89,12.76,Klickitat
1955-06,0.33,42.7,57.4,72.1,39.6,1.6,19.62,Klickitat
1955-07,0.5,45.7,61,76.2,46.8,0.43,20.69,Klickitat
1955-08,0,44.1,63.2,82.3,41,2.16,29.49,Klickitat
1955-09,1.06,41.7,57.7,73.8,39.4,1.94,21.59,Klickitat
1955-10,1.98,35.2,47.1,59,39.6,0.09,8.09,Klickitat
1955-11,4.54,22.7,30.4,38.2,26,0.07,2.85,Klickitat
1955-12,5.22,22.3,28.6,34.9,24.6,0.18,2,Klickitat
1956-01,5.01,23.2,29.3,35.4,26.1,0.09,1.75,Klickitat
1956-02,1.15,16.8,25.6,34.4,18.1,0.25,2.92,Klickitat
1956-03,1.29,28.5,37.3,46.1,28,0.51,5.24,Klickitat
1956-04,0.04,31.6,47,62.4,32.7,0.32,13.38,Klickitat
1956-05,0.82,39.6,55.1,70.7,41.4,0.35,17.82,Klickitat
1956-06,1.49,39.4,54.2,68.9,41.9,0.01,14.99,Klickitat
1956-07,0,49.1,66.8,84.5,46.8,1.9,30.49,Klickitat
1956-08,0.55,45.1,62.7,80.2,45.4,0.89,25.88,Klickitat
1956-09,0.45,40.1,57,74,39.5,1.28,20.75,Klickitat
1956-10,1.53,33.4,45,56.6,36.7,0.32,8.46,Klickitat
1956-11,0.58,25.3,34,42.6,29.6,0.05,3.47,Klickitat
1956-12,2,26.4,33,39.7,27.9,0.2,2.82,Klickitat
1957-01,1.28,6.4,15.7,25,12.3,0.2,1.54,Klickitat
1957-02,2.26,25.3,32.7,40.1,26.2,0.35,3.24,Klickitat
1957-03,3.99,30,38.7,47.4,31,0.27,5.13,Klickitat
1957-04,1.2,34.2,47.3,60.4,34.4,0.52,11.39,Klickitat
1957-05,1.11,42.5,56.7,71,44.8,0.01,16.38,Klickitat
1957-06,0.44,45.1,59.8,74.5,44.5,0.7,19.39,Klickitat
1957-07,0.05,44.7,61.6,78.5,43.9,1.12,23.65,Klickitat
1957-08,0.29,41.6,59.9,78.1,42.9,0.95,23.26,Klickitat
1957-09,1.14,42.5,60.4,78.4,40.8,1.59,24.74,Klickitat
1957-10,2.33,35,45.7,56.3,39.5,0.04,7.02,Klickitat
1957-11,1.13,26.1,37.8,49.6,29.9,0.14,6.02,Klickitat
1957-12,4.39,29.1,36.1,43.1,31.7,0.02,2.98,Klickitat
1958-01,4.08,28.9,35.3,41.6,29.8,0.21,2.98,Klickitat
1958-02,3.56,34.1,42.2,50.4,36.2,0.07,4.88,Klickitat
1958-03,1.07,26.9,38.9,50.9,29.1,0.27,7.21,Klickitat
1958-04,2.04,33,45.2,57.3,34.4,0.38,9.39,Klickitat
1958-05,0.31,42.4,59.1,75.8,42.9,0.9,21.62,Klickitat
1958-06,1.06,48,63,78.1,47.3,0.97,22.89,Klickitat
1958-07,0.18,50.4,69.3,88.2,47.7,2.16,34.77,Klickitat
1958-08,0,48.1,67.7,87.3,45.8,1.96,34.27,Klickitat
1958-09,0.41,41.8,57.4,72.9,40.1,1.31,20.15,Klickitat
1958-10,0.55,34.6,49.9,65.2,35.7,0.66,14,Klickitat
1958-11,4.59,30.4,38.3,46.3,31.8,0.18,4.19,Klickitat
1958-12,2.47,29.1,35.3,41.5,31.6,0.13,2.46,Klickitat
1959-01,3.53,26.1,32.2,38.4,26.3,0.3,2.71,Klickitat
1959-02,1.79,27.3,34.2,41.1,27.7,0.24,3.36,Klickitat
1959-03,1.75,31,41,51.1,28.6,0.73,7.34,Klickitat
1959-04,0.34,33.8,46.7,59.6,30.8,1.07,11.42,Klickitat
1959-05,0.49,34.7,49.3,63.8,34.2,0.67,13.81,Klickitat
1959-06,0.35,44,58.6,73.3,42.1,1.01,19.53,Klickitat
1959-07,0.08,47.3,66.6,85.9,43.4,2.3,33.95,Klickitat
1959-08,0.03,43.5,61.2,78.9,42.3,0.98,25.19,Klickitat
1959-09,1.32,43,56,69,43.1,0.63,15.26,Klickitat
1959-10,1.4,33.6,48.1,62.6,38.9,0.01,10.97,Klickitat
1959-11,0.94,23.8,36,48.1,25.5,0.44,6.42,Klickitat
1959-12,0.95,24.3,31.6,38.9,26.6,0.2,2.82,Klickitat
1960-01,1.64,15.5,23.5,31.6,19.4,0.13,1.96,Klickitat
1960-02,2.5,25.6,34.8,44.1,25.2,0.35,4.91,Klickitat
1960-03,2.96,27.6,39.4,51.2,28,0.38,8.42,Klickitat
1960-04,1.77,34,46,58.1,32.8,0.73,10.43,Klickitat
1960-05,1.38,36.3,49.1,61.9,37.1,0.48,11.59,Klickitat
1960-06,0.17,41.5,58.7,75.9,38.5,1.54,23.1,Klickitat
1960-07,0.02,46.7,67.7,88.7,42.5,2.09,37.75,Klickitat
1960-08,0.27,44,60.8,77.6,44,0.64,23.98,Klickitat
1960-09,0.19,36.9,56.6,76.2,40.1,0.24,22.5,Klickitat
1960-10,0.98,32.5,47.5,62.5,35.8,0.13,12.44,Klickitat
1960-11,5.18,29.9,38.2,46.5,30.6,0.44,4.5,Klickitat
1960-12,1.7,21.9,28.1,34.3,24.7,0.09,1.87,Klickitat
1961-01,2.28,26.8,32.8,38.8,26.7,0.43,2.63,Klickitat
1961-02,5.66,32.6,39.2,45.8,32.8,0.34,3.51,Klickitat
1961-03,3.03,32.3,41.3,50.3,31.1,0.58,6.3,Klickitat
1961-04,1.12,34.1,45.4,56.7,31.2,1.02,9.59,Klickitat
1961-05,1.53,38.3,51.6,64.8,38.4,0.47,13.39,Klickitat
1961-06,0.6,46.2,64,81.7,43.8,1.54,28.35,Klickitat
1961-07,0.42,47.2,66.6,86,43.4,1.87,33.19,Klickitat
1961-08,0.19,48.9,68.6,88.2,45.1,2.17,36.17,Klickitat
1961-09,0.27,35.9,53.1,70.3,34.9,0.99,18.48,Klickitat
1961-10,1.13,29.6,44.4,59.2,33.5,0.19,11.01,Klickitat
1961-11,2.35,23.1,33,43,25.2,0.29,4.4,Klickitat
1961-12,4.01,26.4,32.5,38.7,26,0.46,2.81,Klickitat
1962-01,0.62,22.6,31.2,39.8,20.1,0.63,4.06,Klickitat
1962-02,2.03,27.2,35.5,43.8,26.1,0.52,4.43,Klickitat
1962-03,2.27,26.9,37.8,48.6,27.1,0.43,6.56,Klickitat
1962-04,1.41,31.9,47.3,62.8,31.9,0.7,13.73,Klickitat
1962-05,1.85,35.7,47.9,60.1,37,0.2,10.09,Klickitat
1962-06,0,40,57.6,75.1,38,1.24,22.71,Klickitat
1962-07,0,43.6,63.1,82.6,40.3,1.52,30.73,Klickitat
1962-08,0.89,44.6,61.2,77.9,44.2,0.85,23.75,Klickitat
1962-09,0.83,38.2,57.3,76.4,38.3,0.98,24,Klickitat
1962-10,2.56,32.7,46.9,61.1,39.9,0,9.52,Klickitat
1962-11,2.69,31.2,40,48.8,35.1,0.06,4.27,Klickitat
1962-12,2.12,27.2,34.9,42.6,31.5,0,2.65,Klickitat
1963-01,0.46,15.8,25.9,36,15.3,0.36,3.79,Klickitat
1963-02,2.47,30.2,40.5,50.9,31.1,0.45,6.17,Klickitat
1963-03,1.92,27.8,40.3,52.7,28.3,0.34,8.43,Klickitat
1963-04,1.91,32.7,43.5,54.2,33.2,0.24,7.99,Klickitat
1963-05,0.83,37.7,52.6,67.5,36.2,0.98,16.87,Klickitat
1963-06,0.23,43.6,57.8,72,41.9,1.14,18.6,Klickitat
1963-07,0.46,45,61.5,78.1,42.7,1.47,23.57,Klickitat
1963-08,0.5,45.8,64,82.2,43.6,1.31,28.39,Klickitat
1963-09,0.5,45.5,62.3,79.2,44.4,1.4,24.91,Klickitat
1963-10,0.67,36,49.8,63.7,37.7,0.64,12.73,Klickitat
1963-11,3.39,32.1,39.6,47.1,33.2,0.34,4.16,Klickitat
1963-12,2.13,24.2,29.8,35.4,25.8,0.22,1.77,Klickitat
1964-01,4,27.4,34,40.7,26.9,0.47,3.16,Klickitat
1964-02,0.3,24.6,36.8,49.1,23.8,0.58,7.11,Klickitat
1964-03,1.24,27.2,38.1,49.1,24.6,0.78,7.34,Klickitat
1964-04,0.31,29.9,43.1,56.2,27.8,0.84,10.31,Klickitat
1964-05,0.14,33.7,49.6,65.5,30.8,1.16,16.11,Klickitat
1964-06,1.22,42.1,56.8,71.6,41.5,0.82,18.14,Klickitat
1964-07,0.19,46.2,64.1,82.1,45.4,1.11,27.93,Klickitat
1964-08,0.28,43.8,60.8,77.7,43.3,1.01,23.9,Klickitat
1964-09,0.12,36.9,54.5,72.2,37.9,0.67,19.15,Klickitat
1964-10,0.9,31.1,46.5,62,35.2,0.24,11.67,Klickitat
1964-11,3.64,28.1,35.4,42.7,32,0.05,2.74,Klickitat
1964-12,10.19,20.6,27.9,35.2,24.1,0.02,1.95,Klickitat
1965-01,2.78,24.7,31,37.4,27.3,0,2.01,Klickitat
1965-02,0.59,28,37.9,47.8,27.8,0.47,6.01,Klickitat
1965-03,0.53,25.1,39.2,53.4,21.2,0.88,9.98,Klickitat
1965-04,1.25,33,47.6,62.2,34.8,0.03,12.69,Klickitat
1965-05,0.42,34.7,50.7,66.7,32.7,0.84,16.76,Klickitat
1965-06,0.61,41.9,58.9,76,39.6,1.05,23.23,Klickitat
1965-07,0.28,46.2,65.6,85,45.1,0.67,32.19,Klickitat
1965-08,0.79,48,64.7,81.4,48.3,0.21,26.54,Klickitat
1965-09,0.38,37,54.1,71.2,36,0.48,19.57,Klickitat
1965-10,0.35,34.9,51.1,67.3,37,0.2,15.93,Klickitat
1965-11,2.99,33.2,40.6,48,35.5,0.05,4.06,Klickitat
1965-12,1.46,24.2,31.5,38.7,27,0.12,2.58,Klickitat
1966-01,4.38,25.7,32,38.4,26.1,0.34,2.6,Klickitat
1966-02,0.74,27.3,35.8,44.2,26.9,0.42,4.61,Klickitat
1966-03,1.74,28.9,40.6,52.2,28.3,0.36,8.01,Klickitat
1966-04,0.19,31.4,46.5,61.5,28.8,0.82,13.69,Klickitat
1966-05,0.15,36.2,54.2,72.3,33,0.83,21.82,Klickitat
1966-06,0.24,41.7,57,72.4,39.2,0.72,19.84,Klickitat
1966-07,1.61,45.8,63.2,80.5,43.9,0.64,26.89,Klickitat
1966-08,0.01,45.7,64.1,82.5,41.5,1.3,30.71,Klickitat
1966-09,0.69,42.1,59.5,76.9,43.9,0.01,22.84,Klickitat
1966-10,1.04,33.2,47.8,62.4,34.4,0.35,13.07,Klickitat
1966-11,3.48,30.8,39.6,48.5,33.7,0,4.91,Klickitat
1966-12,3.3,29.3,35.6,41.9,31.2,0.16,2.69,Klickitat
1967-01,3.03,31.1,37.4,43.7,29.7,0.6,3.71,Klickitat
1967-02,0.53,28.8,39.5,50.2,28,0.5,7.04,Klickitat
1967-03,1.09,27.6,38.5,49.3,27.5,0.42,6.9,Klickitat
1967-04,1.58,28.2,40.9,53.6,30.2,0.26,8.48,Klickitat
1967-05,0.48,35.9,52.4,68.9,35.8,0.36,17.66,Klickitat
1967-06,0.54,44.7,61.9,79.2,45.1,0.3,24.52,Klickitat
1967-07,0,46.7,66.1,85.6,42.9,1.4,33.84,Klickitat
1967-08,0,48.2,69.4,90.7,41.4,2.53,41.52,Klickitat
1967-09,0.3,42.9,62.3,81.7,41.5,0.71,29.53,Klickitat
1967-10,2.19,37.5,48.8,60.2,36.2,0.72,10.9,Klickitat
1967-11,1.62,29.7,38.8,47.8,31.3,0.22,5.3,Klickitat
1967-12,2.37,24.8,32,39.1,25.1,0.35,3.06,Klickitat
1968-01,3.01,23.9,32,40.2,23.9,0.41,3.7,Klickitat
1968-02,3.7,30.2,39.1,48,31.1,0.3,5.14,Klickitat
1968-03,0.69,31.2,43,54.8,30.5,0.45,9.06,Klickitat
1968-04,0.17,27.8,42,56.2,26.6,0.47,10.69,Klickitat
1968-05,0.65,35.2,51,66.8,34.3,0.54,16.41,Klickitat
1968-06,0.26,40.5,57.3,74.2,39.9,0.27,21.52,Klickitat
1968-07,0.13,47.1,66.1,85.1,43.1,1.05,33.09,Klickitat
1968-08,1.97,45.6,60.8,76,45.8,0.15,21.34,Klickitat
1968-09,0.46,41.8,57.8,73.8,42.8,0.04,20.12,Klickitat
1968-10,1.67,32.4,45.2,58,34.9,0,9.98,Klickitat
1968-11,3.78,30.8,38.3,45.8,33.5,0.05,3.72,Klickitat
1968-12,4.09,21.3,27.8,34.3,24.4,0.09,1.88,Klickitat
1969-01,4.93,12.9,20.1,27.3,17.3,0.02,1.19,Klickitat
1969-02,1.58,21.8,29.9,38,25.4,0,2.82,Klickitat
1969-03,0.82,27.7,39.8,51.9,26.3,0.48,8.32,Klickitat
1969-04,0.8,31.8,44.6,57.4,32.7,0.15,10.27,Klickitat
1969-05,1.26,38.9,55.2,71.5,38.6,0.25,19.2,Klickitat
1969-06,0.7,48.2,63.2,78.3,44.8,1.52,23.98,Klickitat
1969-07,0,45.2,63.2,81.1,42.2,0.73,28.56,Klickitat
1969-08,0,43.3,61.7,80,40,0.84,28.11,Klickitat
1969-09,0.8,42.5,57.4,72.3,40.7,0.68,19.52,Klickitat
1969-10,0.69,31.4,45,58.5,33,0.21,10.65,Klickitat
1969-11,0.47,28.8,39.1,49.3,31.9,0,5.94,Klickitat
1969-12,4.36,26,31.2,36.3,29.5,0,1.25,Klickitat
1970-01,8.05,23.3,29,34.6,26,0.02,1.61,Klickitat
1970-02,1.3,30,37.7,45.4,30.1,0.39,4.57,Klickitat
1970-03,1.11,28.6,39.3,50,27.5,0.48,7.11,Klickitat
1970-04,0.64,28.3,40.3,52.2,26.3,0.63,8.68,Klickitat
1970-05,0.19,35.1,51.3,67.5,34,0.68,17.02,Klickitat
1970-06,0.41,47.3,63.3,79.4,43.3,1.55,26.29,Klickitat
1970-07,0,48.1,65.8,83.4,45.7,1.2,30.04,Klickitat
1970-08,0,45.2,64.5,83.8,40.2,1.38,32.75,Klickitat
1970-09,0.17,37.6,53,68.4,35.2,1.01,17.62,Klickitat
1970-10,1.25,33.1,46.3,59.5,31.6,0.66,11.81,Klickitat
1970-11,3.93,30.1,37.6,45.1,31.4,0.21,4.14,Klickitat
1970-12,3.47,23.5,29.9,36.4,25.3,0.14,2.15,Klickitat
1971-01,4.31,25.7,33.1,40.5,26.3,0.26,3.25,Klickitat
1971-02,1.16,27.5,36.4,45.3,26.8,0.49,5.27,Klickitat
1971-03,3.02,26.8,35.8,44.9,25.2,0.55,5.35,Klickitat
1971-04,1.15,30.2,43.1,55.9,29.1,0.53,10.19,Klickitat
1971-05,0.65,38.2,53.4,68.6,37.2,0.57,17.54,Klickitat
1971-06,0.66,39.4,54.6,69.8,41.8,0.01,16.49,Klickitat
1971-07,0.1,48.3,66.5,84.6,44.3,1.37,32.24,Klickitat
1971-08,0.02,48.7,68,87.2,44.9,1.27,35.88,Klickitat
1971-09,1.31,36.9,53.4,69.8,36.6,0.45,18.35,Klickitat
1971-10,1.16,33,46.2,59.4,33.4,0.43,11.23,Klickitat
1971-11,2.26,29.3,38.2,47.1,31.2,0.12,4.9,Klickitat
1971-12,3.68,24.3,30.5,36.7,24.5,0.32,2.44,Klickitat
1972-01,4.68,21.8,29.2,36.6,21.3,0.42,3.11,Klickitat
1972-02,2.37,26.8,34.7,42.6,26.5,0.35,3.96,Klickitat
1972-03,2.3,30.9,41.9,52.9,31.8,0.3,7.65,Klickitat
1972-04,0.6,28.4,40.9,53.4,28.1,0.39,9.08,Klickitat
1972-05,0.86,38,53.6,69.2,37.6,0.15,17.47,Klickitat
1972-06,0.91,43.2,59.1,74.9,43.1,0.23,21.41,Klickitat
1972-07,0.17,48.4,65.5,82.5,42.7,2.02,30.2,Klickitat
1972-08,0.6,48.5,66.7,85,45.6,1.18,32.59,Klickitat
1972-09,1.05,38.7,53.9,69.2,36.2,0.87,18.15,Klickitat
1972-10,0.18,30.7,46.6,62.4,34.7,0,13.07,Klickitat
1972-11,1.65,33,39.8,46.6,33.4,0.31,4.08,Klickitat
1972-12,3.85,18.1,26,33.9,19.4,0.27,2.61,Klickitat
1973-01,2.53,20.2,27.9,35.6,21.4,0.29,2.75,Klickitat
1973-02,0.64,26.9,35.6,44.3,27.6,0.28,4.49,Klickitat
1973-03,0.45,27.6,39.8,52.1,29.1,0.21,7.74,Klickitat
1973-04,0.29,28.1,44.4,60.7,28.1,0.29,13.12,Klickitat
1973-05,0.44,35.7,53,70.3,33.6,0.82,19.99,Klickitat
1973-06,0.14,41.7,58,74.3,36.6,1.52,22.9,Klickitat
1973-07,0,44.7,65.3,86,40.3,1.66,35.49,Klickitat
1973-08,0.09,40.3,61.5,82.7,40,0.75,31.17,Klickitat
1973-09,1.1,40.6,57.1,73.7,41.2,0.22,20.46,Klickitat
1973-10,1.81,33.4,46.4,59.3,35.9,0.15,10.04,Klickitat
1973-11,6.06,28.8,34.7,40.6,30.9,0,2.34,Klickitat
1973-12,6.18,29.5,35.4,41.2,32.4,0,2.13,Klickitat
1974-01,4.61,16,24.2,32.4,18.5,0,2.74,Klickitat
1974-02,1.88,28.6,36.9,45.2,28.6,0.37,4.56,Klickitat
1974-03,2.43,29.1,39.4,49.6,28.7,0.41,6.59,Klickitat
1974-04,1.69,33.4,44.5,55.7,33.8,0.33,8.28,Klickitat
1974-05,0.48,34.8,48.7,62.5,34.8,0.39,12.72,Klickitat
1974-06,0.24,42.5,61,79.4,42.1,0.3,26.31,Klickitat
1974-07,0.76,45.3,63,80.8,45.4,0.26,26.58,Klickitat
1974-08,0.02,45.5,64.8,84.1,43.5,0.68,31.34,Klickitat
1974-09,0,39,59.2,79.3,35.8,1.19,27.53,Klickitat
1974-10,0.41,30.9,48.2,65.5,30.9,0.69,15.53,Klickitat
1974-11,2.25,31.4,39.7,47.9,35.1,0.05,4.15,Klickitat
1974-12,2.91,27.7,34.7,41.7,31.2,0.05,2.63,Klickitat
1975-01,4.9,23.2,30.6,38,26.4,0.15,2.46,Klickitat
1975-02,2.47,24.1,31.9,39.7,24.3,0.48,3.61,Klickitat
1975-03,2.25,27.2,37,46.7,27.3,0.31,5.66,Klickitat
1975-04,0.88,27.4,40.4,53.4,29,0.28,8.6,Klickitat
1975-05,0.3,35,50.6,66.3,34.6,0.56,15.56,Klickitat
1975-06,0.54,40.3,56.2,72,39.4,0.35,19.16,Klickitat
1975-07,0.31,49.1,67,84.8,50.7,0.03,29.53,Klickitat
1975-08,1.36,43.5,60.4,77.3,44.5,0.12,22.91,Klickitat
1975-09,0,39.1,58.4,77.7,38.5,0.75,24.93,Klickitat
1975-10,2.42,35.8,46.4,57,36.9,0.31,9,Klickitat
1975-11,2.28,28.8,36.9,45,29.1,0.43,4.67,Klickitat
1975-12,3.47,27.4,34.3,41.2,29.2,0.26,2.84,Klickitat
1976-01,2.24,25.9,33.8,41.7,28,0.14,3.35,Klickitat
1976-02,2.65,25.1,33.5,41.9,24.5,0.39,4.38,Klickitat
1976-03,1.27,26,36.6,47.3,24.7,0.6,6.44,Klickitat
1976-04,1.3,31.8,43.5,55.1,30.8,0.69,8.99,Klickitat
1976-05,0.29,34.5,50.9,67.4,35.2,0.57,16.27,Klickitat
1976-06,0.05,38.4,54.8,71.3,37.8,0.72,19.36,Klickitat
1976-07,0.44,46.2,63.5,80.7,44.2,1.05,26.61,Klickitat
1976-08,1.29,46.2,61.7,77.3,48.4,0.1,21.15,Klickitat
1976-09,0.15,43.5,60.6,77.8,43.1,1.01,23.3,Klickitat
1976-10,0.28,31.4,47.9,64.5,33,0.57,14.64,Klickitat
1976-11,0.43,28.6,39.1,49.6,33.7,0.02,4.93,Klickitat
1976-12,0.43,22.9,32.6,42.4,27.7,0,3.58,Klickitat
1977-01,0.31,18.4,25.9,33.3,21.1,0.16,2.08,Klickitat
1977-02,0.77,27.3,36.4,45.5,28.7,0.46,5.13,Klickitat
1977-03,1.04,27.9,38.4,48.9,26.7,0.58,6.96,Klickitat
1977-04,0.04,31.4,48.9,66.4,27.6,1.16,18.15,Klickitat
1977-05,1.65,34.8,48.4,62.1,34.6,0.59,12.69,Klickitat
1977-06,0.48,44.7,62.3,79.9,40.8,1.9,26.79,Klickitat
1977-07,0.38,46,63.8,81.6,41.5,2.11,28.38,Klickitat
1977-08,1.33,50.6,68.9,87.3,45,2.44,36.41,Klickitat
1977-09,1.03,39.9,54.1,68.4,42.4,0.23,15.26,Klickitat
1977-10,0.67,32.8,47,61.1,36.4,0.33,11.03,Klickitat
1977-11,3.33,27.2,35.5,43.8,28.1,0.29,4.34,Klickitat
1977-12,6.38,27.6,33.1,38.7,28.7,0.24,2.49,Klickitat
1978-01,3.81,26,31.2,36.3,27.4,0.15,1.77,Klickitat
1978-02,2.23,29.7,36.3,42.9,31.2,0.24,3.16,Klickitat
1978-03,0.86,31.1,42.9,54.7,33.3,0.49,8.08,Klickitat
1978-04,1.17,33.3,44.9,56.6,34.8,0.18,8.56,Klickitat
1978-05,0.6,34.1,48.8,63.5,36.4,0.21,12.63,Klickitat
1978-06,0.09,42.8,59.9,77,41.5,0.98,23.66,Klickitat
1978-07,1.08,45.8,64,82.3,47.5,0.43,27.53,Klickitat
1978-08,1.2,47.9,63.7,79.6,45.9,1.58,25.52,Klickitat
1978-09,0.76,40.8,54.6,68.3,44.2,0.16,13.87,Klickitat
1978-10,0.04,30.5,47.9,65.4,32.8,0.62,14.74,Klickitat
1978-11,0.87,21.1,31.7,42.2,22.4,0.31,5.04,Klickitat
1978-12,1.34,17.5,26.3,35.1,21.4,0.1,2.51,Klickitat
1979-01,1.62,6.8,15.7,24.7,10.4,0.13,1.57,Klickitat
1979-02,2.77,24.9,32.8,40.8,25.8,0.26,3.59,Klickitat
1979-03,1.06,29.4,41.8,54.2,29.7,0.54,8.93,Klickitat
1979-04,0.74,31.2,44.3,57.5,33.2,0.23,9.82,Klickitat
1979-05,0.2,36,53.1,70.1,37.3,0.43,18.14,Klickitat
1979-06,0.07,41.6,59.6,77.7,38.2,1.7,26.07,Klickitat
1979-07,0.15,46.1,65.4,84.8,43.6,1.23,32.71,Klickitat
1979-08,1.23,46.1,64.1,82.1,47.1,0.55,26.74,Klickitat
1979-09,0.59,41.6,59.7,77.9,42.2,0.71,23.89,Klickitat
1979-10,2.29,36.1,50.1,64.1,37.8,0.4,13.57,Klickitat
1979-11,2.55,25,32.9,40.7,28.8,0.06,2.83,Klickitat
1979-12,2.02,27,34.1,41.2,28.4,0.2,3.17,Klickitat
1980-01,4.98,14.1,22.6,31.1,17.9,0.11,2.03,Klickitat
1980-02,2.63,26.8,32.6,38.5,29.5,0,1.99,Klickitat
1980-03,0.91,27.8,38.3,48.7,29.3,0.13,6.03,Klickitat
1980-04,1.28,33.4,47.2,61,34.5,0.56,11.71,Klickitat
1980-05,0.93,36.4,51.6,66.8,41.2,0.01,13.74,Klickitat
1980-06,1.72,40.4,55.2,69.9,43.4,0.19,15.57,Klickitat
1980-07,0.15,45,63.7,82.3,47.8,0.08,26.69,Klickitat
1980-08,0.1,40.6,60,79.4,42.1,0.22,25.46,Klickitat
1980-09,0.42,40.6,57.5,74.4,43.1,0.02,19.87,Klickitat
1980-10,0.65,30.9,47.4,63.9,35.8,0.01,14.16,Klickitat
1980-11,3.24,30.7,38.6,46.4,34.3,0.06,3.7,Klickitat
1980-12,6.54,28.5,35.9,43.3,31.4,0.01,3.23,Klickitat
1981-01,1.7,29.6,34.6,39.6,31,0,2.04,Klickitat
1981-02,2.75,27.3,35.2,43.1,28.4,0.12,3.97,Klickitat
1981-03,0.34,29.4,42.2,54.9,30.1,0.19,8.58,Klickitat
1981-04,0.3,31,44.6,58.1,30.7,0.42,10.32,Klickitat
1981-05,0.85,35.3,50.8,66.3,37.5,0.01,13.82,Klickitat
1981-06,1.5,41.1,55.4,69.7,39.2,0.75,16.29,Klickitat
1981-07,0.22,43.1,61.5,79.9,43.5,0.13,24.57,Klickitat
1981-08,0,45.9,66.9,87.9,42.9,0.83,36.57,Klickitat
1981-09,1.18,38.8,57,75.1,37.9,0.34,23.27,Klickitat
1981-10,1.34,30.6,45,59.5,33.8,0.2,10.05,Klickitat
1981-11,2.31,28.5,39.1,49.8,33.6,0.01,5.02,Klickitat
1981-12,6.78,25.2,31.6,38,27.9,0.13,2.05,Klickitat
1982-01,2.51,19.4,28.1,36.7,22.4,0.14,2.78,Klickitat
1982-02,2.53,23.1,32.5,42,23.9,0.25,4.35,Klickitat
1982-03,0.87,26.3,38.8,51.4,29,0.13,7.22,Klickitat
1982-04,1.83,27,41,55,27.2,0.5,10.05,Klickitat
1982-05,0.46,32.2,49.5,66.8,32.2,0.12,15.93,Klickitat
1982-06,0.91,41.1,59.5,78,41.8,0.03,24.53,Klickitat
1982-07,0.06,44.2,62.7,81.2,44.2,0.01,26.14,Klickitat
1982-08,0.36,46,64.2,82.5,43.5,0.56,27.65,Klickitat
1982-09,1.96,41.5,56.7,71.9,41,0.42,17.35,Klickitat
1982-10,2.43,32.5,44.9,57.4,35.4,0.04,7.95,Klickitat
1982-11,2.19,26.3,35.1,44,26.2,0.19,4.08,Klickitat
1982-12,3.89,24.1,30.2,36.2,25.2,0.08,2,Klickitat
1983-01,3.46,29.2,35.7,42.2,27.8,0.27,3.19,Klickitat
1983-02,4.83,30.9,37.7,44.4,31,0.07,3.11,Klickitat
1983-03,5.15,34.2,43.2,52.2,32.7,0.31,6.12,Klickitat
1983-04,0.59,31,44.4,57.8,29.4,0.36,10.6,Klickitat
1983-05,1.35,37.1,53.8,70.6,35.2,0.57,19.94,Klickitat
1983-06,0.31,40.7,56.4,72.1,39.3,0.5,18.06,Klickitat
1983-07,0.48,44.9,60.7,76.5,44.4,0.12,20.53,Klickitat
1983-08,0.98,47.1,65.4,83.7,46.6,0.04,27.91,Klickitat
1983-09,0.65,35.6,52.9,70.1,35.8,0.15,17.24,Klickitat
1983-10,0.75,31.4,46.8,62.3,33,0.04,11.74,Klickitat
1983-11,5.06,32.6,39.8,47,33.2,0,3.68,Klickitat
1983-12,3.63,15.8,22.2,28.6,15.2,0.17,1.43,Klickitat
1984-01,0.74,23.1,31,38.9,22.5,0.19,2.85,Klickitat
1984-02,1.82,27.3,35.6,43.9,25.9,0.15,4.13,Klickitat
1984-03,1.97,30.6,41.8,53,30.8,0.05,6.82,Klickitat
1984-04,1.79,29.5,42,54.5,29.2,0.19,8.43,Klickitat
1984-05,1.91,33.5,47.6,61.7,33.1,0.45,11.82,Klickitat
1984-06,1.82,39.6,55.1,70.6,39.8,0.21,16.47,Klickitat
1984-07,0,43.4,64.1,84.9,42.3,0.16,31.41,Klickitat
1984-08,0,43.4,63.6,83.9,43.8,1.01,29.03,Klickitat
1984-09,0.75,38,54.2,70.4,37.3,0.65,17.16,Klickitat
1984-10,0.93,29.4,42.9,56.4,30.6,0.27,9.57,Klickitat
1984-11,5.96,28.7,35.8,42.9,28.5,0.07,3.07,Klickitat
1984-12,1.7,17.9,25.9,33.8,19,0.14,2.06,Klickitat
1985-01,0.19,19.3,23.7,28.1,18.3,0.13,1.16,Klickitat
1985-02,1.65,18.5,29.1,39.7,19,0.21,3.92,Klickitat
1985-03,1.39,25.3,37.6,50,24.8,0.18,6.99,Klickitat
1985-04,0.13,29.9,45.5,61.1,31.2,0.02,11.49,Klickitat
1985-05,0.68,35.5,52.1,68.8,35.9,0.18,15.74,Klickitat
1985-06,1.2,42.6,59.1,75.6,38.7,1.52,20.49,Klickitat
1985-07,0.02,46.8,68.7,90.7,43.1,1.96,37.84,Klickitat
1985-08,0.15,44.6,62.5,80.4,41.5,1.46,24.57,Klickitat
1985-09,1.81,35.2,51.3,67.3,37.3,0.04,14.02,Klickitat
1985-10,1.19,30.5,44.5,58.5,31.3,0.03,9.55,Klickitat
1985-11,2.12,16.3,25,33.7,17,0.2,2.89,Klickitat
1985-12,0.56,12.3,18.9,25.6,14.5,0.08,1.15,Klickitat
1986-01,3.48,24.8,31.7,38.5,24,0.15,2.58,Klickitat
1986-02,3.31,25.8,33.8,41.9,26.6,0,3.34,Klickitat
1986-03,1.49,32.1,43.7,55.4,33.1,0.01,7.49,Klickitat
1986-04,0.23,27.2,42.1,57,30.2,0.02,9.85,Klickitat
1986-05,0.47,36.4,51.6,66.9,36.3,0.6,16.1,Klickitat
1986-06,0.2,43.2,61.7,80.3,41.6,0.59,26.69,Klickitat
1986-07,0.18,41.4,59.4,77.4,42,0.04,23.02,Klickitat
1986-08,0.08,47.2,68,88.8,42,1.71,36.99,Klickitat
1986-09,1.99,37.2,52.5,67.9,39.9,0.01,15.5,Klickitat
1986-10,0.62,32.7,49.1,65.5,36.4,0.27,13.31,Klickitat
1986-11,2.27,32.7,39.5,46.3,31.3,0.5,4.27,Klickitat
1986-12,1.07,23.8,28.8,33.7,26,0,1.34,Klickitat
1987-01,2.68,21.7,28.7,35.8,22.8,0.15,2.51,Klickitat
1987-02,1.98,28,36.3,44.7,28,0.26,4.39,Klickitat
1987-03,2.46,31,40.8,50.6,30.8,0.31,6.31,Klickitat
1987-04,0.43,33.5,48.7,63.9,32.3,0.5,14.04,Klickitat
1987-05,0.97,42,56,69.9,38.3,1.25,17.11,Klickitat
1987-06,0.11,44.2,61.5,78.9,40.1,1.83,24.9,Klickitat
1987-07,0.85,47.4,63.5,79.6,44,1.21,24.21,Klickitat
1987-08,0.17,43.1,63.1,83.1,41.6,1.48,29.42,Klickitat
1987-09,0,40,60.1,80.3,38.5,1.2,27.47,Klickitat
1987-10,0.03,29.1,49.3,69.5,29.2,0.83,18.83,Klickitat
1987-11,0.8,29.9,40,50.1,33.9,0.08,5.15,Klickitat
1987-12,5.47,20.7,28.2,35.8,25.7,0,1.98,Klickitat
1988-01,2.69,19.5,26.9,34.3,24.9,0,1.66,Klickitat
1988-02,0.11,24.7,35.5,46.4,26.7,0.19,5.43,Klickitat
1988-03,1.1,29.1,40.2,51.3,28.5,0.61,7.13,Klickitat
1988-04,1.69,34.6,46.8,59.1,35.6,0.43,9.79,Klickitat
1988-05,0.43,36.7,50.5,64.3,37.4,0.62,13.54,Klickitat
1988-06,1.14,42.3,56.8,71.4,43.3,0.36,17.13,Klickitat
1988-07,0.03,46.5,64.6,82.7,43,1.22,28.13,Klickitat
1988-08,0,42.5,62.3,82.2,41.6,0.4,27.71,Klickitat
1988-09,0.18,36.7,55.9,75.1,37.7,0.96,22.77,Klickitat
1988-10,0.05,36.9,54.2,71.4,40.4,0.56,16.87,Klickitat
1988-11,4.25,31.3,39.1,46.8,34.5,0.01,3.77,Klickitat
1988-12,0.77,22.7,30.2,37.7,27.2,0,2.18,Klickitat
1989-01,2.08,25.9,34,42.2,28.2,0.05,3.65,Klickitat
1989-02,1.01,12.1,22.3,32.4,17.8,0,2.51,Klickitat
1989-03,2.54,27.6,36.9,46.1,29.9,0,4.7,Klickitat
1989-04,1.16,34.1,47.6,61.1,35.1,0.36,10.74,Klickitat
1989-05,0.91,34.7,50.1,65.6,38.2,0,13.42,Klickitat
1989-06,0.11,42.6,59.4,76.3,43.8,0.82,20.63,Klickitat
1989-07,0.06,44.7,61.9,79.1,47.2,0.4,21.66,Klickitat
1989-08,0.94,42.9,60.8,78.6,49,0,20.72,Klickitat
1989-09,0.08,37.1,57.3,77.6,38,1.08,23.77,Klickitat
1989-10,0.82,31.2,46.3,61.3,35.5,0.16,11.1,Klickitat
1989-11,1.09,31.7,41,50.3,32.8,0.3,5.94,Klickitat
1989-12,1.15,23.1,31.3,39.6,28.3,0,2.85,Klickitat
1990-01,3.41,26.9,33.7,40.6,28.1,0.16,3.62,Klickitat
1990-02,1.03,20.1,30.9,41.7,23.5,0.29,4.92,Klickitat
1990-03,1,27.8,41.1,54.5,28.1,0.52,9.39,Klickitat
1990-04,1.36,33.2,48,62.8,36.2,0.25,11.72,Klickitat
1990-05,2.26,34.3,49,63.6,37.3,0.16,12.4,Klickitat
1990-06,0.52,42.4,57.3,72.2,46.3,0.05,15.94,Klickitat
1990-07,0.05,46.4,66.6,86.9,52.3,0.04,29.51,Klickitat
1990-08,2.21,45.4,64.4,83.3,51.9,0,25.12,Klickitat
1990-09,0.03,41.2,61.4,81.6,45.7,0.44,24.8,Klickitat
1990-10,1.53,29.3,44,58.7,35.7,0.01,9.29,Klickitat
1990-11,0.53,29,39.6,50.2,33,0.37,5.51,Klickitat
1990-12,0.96,13.7,23.6,33.5,18.1,0.1,2.88,Klickitat
1991-01,1.53,19,28.4,37.8,20.6,0.24,3.38,Klickitat
1991-02,1.15,27.5,39,50.4,30.7,0.06,5.82,Klickitat
1991-03,2.39,24.5,36.3,48.1,27.3,0.06,5.89,Klickitat
1991-04,0.98,29.9,43.4,56.9,31.5,0.19,9.37,Klickitat
1991-05,0.86,33.2,47.6,62,36.7,0,10.62,Klickitat
1991-06,1.83,34.9,52,69.1,41.6,0,14.6,Klickitat
1991-07,0.22,44.4,64.6,84.7,49,0.95,27.33,Klickitat
1991-08,0.07,48.3,67.4,86.4,51.2,0.08,27.78,Klickitat
1991-09,0,38.5,59.3,80.2,42.8,0.36,23.72,Klickitat
1991-10,1.08,30.7,47.9,65,34.3,0.37,14.17,Klickitat
1991-11,3.32,30.3,38.2,46.1,31.6,0.2,3.84,Klickitat
1991-12,1.51,28.1,33.5,38.8,26.3,0.69,2.64,Klickitat
1992-01,1.04,29.2,35.3,41.3,28.5,0.21,3.22,Klickitat
1992-02,2.51,32.7,39.7,46.8,30,0.97,4.76,Klickitat
1992-03,0.73,31,44,57.1,29,1.06,9.9,Klickitat
1992-04,2.24,35.3,47.3,59.3,32.9,1.21,10.74,Klickitat
1992-05,0.13,38.3,55,71.8,34.1,2.49,19.83,Klickitat
1992-06,0.67,47.5,63.6,79.8,47.9,2.57,26.99,Klickitat
1992-07,1.01,49.7,65.2,80.7,43,3.01,25.56,Klickitat
1992-08,0.28,49.5,66.7,83.9,45.6,3.88,30.11,Klickitat
1992-09,0.65,42,56.2,70.4,35.9,2.57,17.2,Klickitat
1992-10,0.75,35.9,49.5,63.1,33.2,1.69,12.97,Klickitat
1992-11,2.6,30.6,36.9,43.3,28.6,0.89,3.77,Klickitat
1992-12,3.3,21.2,27.8,34.4,20.5,0.63,2.54,Klickitat
1993-01,1.94,15.2,21.9,28.7,13.5,0.72,2.41,Klickitat
1993-02,1.03,21.1,28.1,35,16.7,0.92,3.28,Klickitat
1993-03,2.56,28.7,37.7,46.7,25.5,1.09,5.91,Klickitat
1993-04,1.3,34.8,44.5,54.3,29.7,1.47,8.2,Klickitat
1993-05,1.35,42.5,56.5,70.6,37.5,1.82,18.31,Klickitat
1993-06,0.63,44.4,57.4,70.3,37.6,1.99,17.45,Klickitat
1993-07,1.41,44.2,58,71.7,39.6,1.84,17.42,Klickitat
1993-08,0.38,45.6,62.4,79.2,40.2,2.61,25.69,Klickitat
1993-09,0.07,39,58.1,77.3,31.8,2.95,26.14,Klickitat
1993-10,0.18,35.5,50.8,66.1,32.1,1.78,15.46,Klickitat
1993-11,0.31,17.2,30.6,43.9,17.8,0.74,6.19,Klickitat
1993-12,2.32,26.9,31.7,36.4,24.3,0.85,2.8,Klickitat
1994-01,2.35,29.7,37.8,45.9,28.2,0.98,4.88,Klickitat
1994-02,2.65,23.9,31.2,38.6,19.6,1.03,4.23,Klickitat
1994-03,0.74,28.8,41.2,53.5,23.2,1.36,9.77,Klickitat
1994-04,0.97,34.1,47.6,61,31.9,1.14,12.43,Klickitat
1994-05,0.78,39,53.7,68.4,36.3,1.26,16.65,Klickitat
1994-06,1.01,41.6,57,72.3,39,1.43,19.25,Klickitat
1994-07,1.94,49,68,87.1,41,3.2,35.81,Klickitat
1994-08,0,47.3,64.9,82.6,40.1,3.02,29.5,Klickitat
1994-09,0.22,43,61.2,79.5,37.2,2.88,26.63,Klickitat
1994-10,3.1,32.1,46.1,60.2,31.6,1.06,11.16,Klickitat
1994-11,3.29,25.7,33.8,41.9,26.2,0.49,3.6,Klickitat
1994-12,2.63,26.3,32.5,38.7,25.6,0.62,2.85,Klickitat
1995-01,5.69,25.2,30.3,35.4,23.5,0.7,2.19,Klickitat
1995-02,3.14,28.3,38.1,47.9,28.8,0.47,5.73,Klickitat
1995-03,1.44,29.2,40.2,51.1,25.3,0.93,7.51,Klickitat
1995-04,2.05,31.7,44.9,58.2,32,0.37,9.51,Klickitat
1995-05,0.92,38.3,53.3,68.4,38.7,0.56,14.75,Klickitat
1995-06,0.92,42.9,57.7,72.4,41.8,0.74,17.77,Klickitat
1995-07,1.19,48.9,64.5,80.2,47.9,0.99,24.35,Klickitat
1995-08,0.1,44.3,60.6,76.8,41.9,1.28,23.09,Klickitat
1995-09,1.22,44.3,61.4,78.6,42.5,1.23,23.5,Klickitat
1995-10,0.97,33.5,46.4,59.3,36,0.15,9.08,Klickitat
1995-11,5.48,33.2,41.6,50.1,35.7,0.14,3.61,Klickitat
1995-12,3.45,26.6,31.6,36.6,28.1,0.01,1.31,Klickitat
1996-01,4.07,24.5,32,39.6,27.5,0.06,2.3,Klickitat
1996-02,4.9,20.4,29.8,39.2,22.1,0.15,3.32,Klickitat
1996-03,0.93,28.9,40,51.1,28.9,0.29,6.41,Klickitat
1996-04,2.29,34.2,46.4,58.6,36.2,0.18,9.02,Klickitat
1996-05,1.02,34.8,48.2,61.6,37,0.03,9.42,Klickitat
1996-06,0.13,40.7,57.5,74.3,40.9,0.46,19.41,Klickitat
1996-07,0.17,48.8,67.9,87.1,45,2.36,33.77,Klickitat
1996-08,0.03,46.3,65.5,84.6,41.5,2.51,31.55,Klickitat
1996-09,0.52,38.4,55.1,71.9,38.7,0.72,17.86,Klickitat
1996-10,1.84,34.8,47.5,60.2,36.6,0.31,9.99,Klickitat
1996-11,4.05,27.5,36.4,45.2,31.6,0,3.28,Klickitat
1996-12,7.1,24,30.4,36.9,27.5,0.01,1.25,Klickitat
1997-01,3.2,23.5,30.5,37.6,25.3,0.07,1.82,Klickitat
1997-02,1.5,27.6,35.5,43.5,29.3,0.07,3.29,Klickitat
1997-03,2.32,31,40.5,49.9,32.3,0.12,5.27,Klickitat
1997-04,1.05,32,44,56,32.2,0.23,7.83,Klickitat
1997-05,0.74,40.8,55.6,70.3,40.7,0.5,15.37,Klickitat
1997-06,0.73,42.3,57.2,72.2,43.4,0.16,15.37,Klickitat
1997-07,0.21,46.8,64,81.2,47.4,0.67,23.82,Klickitat
1997-08,0.34,49.5,67.5,85.5,46.9,1.52,29.28,Klickitat
1997-09,0.68,44.4,59.7,75,44.5,0.8,18.49,Klickitat
1997-10,2.91,33.7,46.5,59.3,36.8,0.14,8.33,Klickitat
1997-11,1.63,31.6,40.1,48.7,34.8,0.05,3.52,Klickitat
1997-12,0.99,26.2,32.7,39.2,28.9,0.02,1.83,Klickitat
1998-01,3.62,27.3,33.2,39.2,29.5,0.06,1.85,Klickitat
1998-02,2.45,30.7,38.3,45.8,32.9,0.04,3.23,Klickitat
1998-03,1.53,30.4,41.6,52.9,32.5,0.13,6.38,Klickitat
1998-04,0.81,32.5,45.4,58.3,34.2,0.21,9.22,Klickitat
1998-05,2.35,40.5,52.2,64,42.6,0.02,8.94,Klickitat
1998-06,0.51,43.4,58.7,74.1,46.2,0.06,15.89,Klickitat
1998-07,0.37,52.2,70.6,89,51.2,0.88,33.11,Klickitat
1998-08,0,47.7,67.4,87,45.4,1.58,33.36,Klickitat
1998-09,0.6,44,62.9,81.8,42.2,1.57,28.56,Klickitat
1998-10,0.25,32.1,46.6,61.1,34.9,0.25,10.35,Klickitat
1998-11,4.58,32.7,40,47.2,35.5,0.08,3.1,Klickitat
1998-12,5.02,24.1,31.5,39,26.1,0.05,2.09,Klickitat
1999-01,2.33,28.8,36.3,43.9,30.6,0.1,3.21,Klickitat
1999-02,3.52,29,36.3,43.6,30.2,0.11,3.07,Klickitat
1999-03,0.79,29.3,39.5,49.7,29.7,0.22,6.03,Klickitat
1999-04,0.13,29.4,43.5,57.5,28.1,0.5,10.65,Klickitat
1999-05,0.69,33.9,48.8,63.6,32.6,0.5,13.87,Klickitat
1999-06,0.06,42,56.7,71.5,40.7,0.72,16.72,Klickitat
1999-07,0.04,44.4,63.1,81.8,41.8,1.24,28.23,Klickitat
1999-08,0.26,50.1,67.7,85.3,47.4,1.62,30.29,Klickitat
1999-09,0,38,57.5,76.9,32.3,2.11,25.19,Klickitat
1999-10,0.75,31.5,46.9,62.3,30.7,0.76,12.41,Klickitat
1999-11,3.13,34,42.2,50.4,36.8,0.06,3.85,Klickitat
1999-12,1.68,29.7,35.1,40.5,32.3,0,1.62,Klickitat
2000-01,3.64,24.7,30.6,36.6,27.7,0,1.35,Klickitat
2000-02,3.47,27.5,34.8,42.1,31,0,2.19,Klickitat
2000-03,1.42,28.9,39.7,50.6,31.4,0.12,5.81,Klickitat
2000-04,0.54,33.5,48.2,62.8,35.4,0.21,11.35,Klickitat
2000-05,0.74,38.8,52,65.1,38.2,0.29,12.62,Klickitat
2000-06,0.23,43.4,59.5,75.7,41.2,1.16,21.44,Klickitat
2000-07,0,46.1,64,81.9,45.1,0.87,26.76,Klickitat
2000-08,0,45.4,64.8,84.2,43.2,1.18,29.88,Klickitat
2000-09,0.33,41.3,57.3,73.4,39.4,1.11,19.16,Klickitat
2000-10,1.14,34,47.2,60.3,35,0.43,10.18,Klickitat
2000-11,1.03,24.6,33.1,41.6,27.5,0.11,3.28,Klickitat
2000-12,1.47,24.5,29.7,34.9,27.4,0,1.15,Klickitat
2001-01,0.99,25.6,31.3,37,29.5,0,1.28,Klickitat
2001-02,0.81,25.7,33.9,42.2,29,0.05,3.22,Klickitat
2001-03,1.41,29.4,41.6,53.7,32.8,0.21,7.64,Klickitat
2001-04,0.67,31.4,44.1,56.8,33.8,0.24,9.3,Klickitat
2001-05,0.6,38.2,54.6,71,36.8,0.77,19.25,Klickitat
2001-06,0.49,42.2,57.2,72.3,40.3,1.02,18.45,Klickitat
2001-07,0.26,47.8,65.5,83.2,46.2,0.93,28.35,Klickitat
2001-08,0.31,49.8,68.2,86.7,47.8,1.54,32.27,Klickitat
2001-09,0.27,43.8,61.7,79.6,41.3,1.69,25.62,Klickitat
2001-10,1.32,34.4,47.6,60.9,35.3,0.75,11.33,Klickitat
2001-11,3.34,32,40.6,49.3,36.5,0.06,4.06,Klickitat
2001-12,3.71,28.4,33.3,38.3,31.7,0.01,1.56,Klickitat
2002-01,2.3,27.5,34,40.5,31.2,0.06,1.96,Klickitat
2002-02,1.46,27,37.1,47.2,30.3,0.21,4.78,Klickitat
2002-03,1.61,27.4,37.7,48,29.2,0.26,5.58,Klickitat
2002-04,0.65,31.9,45.6,59.2,32.2,0.44,9.94,Klickitat
2002-05,0.63,36.2,50.7,65.2,36.1,0.6,13.09,Klickitat
2002-06,0.83,44.8,60.6,76.4,43.7,0.86,21.65,Klickitat
2002-07,0.14,49,67.7,86.3,45.9,1.6,32.18,Klickitat
2002-08,0,45.2,64.3,83.4,40.4,2.18,29.53,Klickitat
2002-09,0.05,40.4,58.7,77,36.1,2.19,24.48,Klickitat
2002-10,0.29,29.9,46.1,62.2,30.4,0.76,12.63,Klickitat
2002-11,1.13,27.5,38.3,49.1,29.7,0.26,5.11,Klickitat
2002-12,4.63,28.9,33.3,37.7,32.1,0.03,1.4,Klickitat
2003-01,4.22,31.2,36,40.8,32.9,0.08,1.88,Klickitat
2003-02,1.75,26.3,36.5,46.6,27.1,0.29,4.76,Klickitat
2003-03,2.49,33,42,51,33.9,0.4,5.67,Klickitat
2003-04,1.66,34.1,45.4,56.7,32.9,0.49,8.9,Klickitat
2003-05,0.46,38.3,51.9,65.5,37.1,0.78,13.97,Klickitat
2003-06,0,45,61.6,78.2,40.2,1.9,25.16,Klickitat
2003-07,0,48.5,68.5,88.4,42.3,2.83,37.75,Klickitat
2003-08,0.65,49.1,67.2,85.4,42.8,2.76,31.65,Klickitat
2003-09,0.07,45.5,62.1,78.7,40,2.7,26.08,Klickitat
2003-10,0.91,39.9,52.8,65.7,38.3,1.2,13.93,Klickitat
2003-11,1.18,26.4,34.7,43.1,25.8,0.53,4.13,Klickitat
2003-12,3.56,27.5,32.8,38.1,28.9,0.22,1.76,Klickitat
2004-01,3.37,23.2,28.6,33.9,24.4,0.21,1.5,Klickitat
2004-02,1.64,28.2,35.9,43.6,30.2,0.19,3.37,Klickitat
2004-03,1.02,33,44.4,55.8,31.8,0.81,8.91,Klickitat
2004-04,0.72,33.4,48,62.5,33.2,0.76,12.84,Klickitat
2004-05,0.93,40.7,53.6,66.6,39.5,1.02,14.08,Klickitat
2004-06,1.44,44.8,60.3,75.9,43.5,0.87,20.56,Klickitat
2004-07,0.45,51.2,68.6,85.9,47.3,2.31,32.08,Klickitat
2004-08,1.19,53.1,68.7,84.4,49.3,2.32,29.77,Klickitat
2004-09,0.37,42.6,57.6,72.5,43,0.86,18.26,Klickitat
2004-10,1.01,36.1,49.8,63.4,38,0.48,11.6,Klickitat
2004-11,0.34,26.9,38.6,50.2,31.1,0.19,5.36,Klickitat
2004-12,2,28.3,35.2,42.2,31,0.1,2.42,Klickitat
2005-01,1.18,23.8,31.6,39.5,26.7,0.05,2.26,Klickitat
2005-02,0.2,24,36.3,48.6,23.2,0.52,6.65,Klickitat
2005-03,2.15,30.9,43.2,55.5,29.7,0.66,9.46,Klickitat
2005-04,1.09,33.9,45.6,57.2,33.1,0.63,9.23,Klickitat
2005-05,2.49,42.7,55,67.4,41.3,0.95,13.94,Klickitat
2005-06,0.15,42.4,56.9,71.3,40.1,0.91,18.06,Klickitat
2005-07,0.12,48.6,66.9,85.2,43.1,2.28,32.5,Klickitat
2005-08,0,48.1,67.6,87.2,40.3,3.12,35.51,Klickitat
2005-09,0.15,39.2,56.9,74.5,34.8,1.67,21.75,Klickitat
2005-10,1.32,37.9,49.5,61.1,38.5,0.5,9.45,Klickitat
2005-11,3.36,28.1,35.8,43.6,31.1,0.02,2.83,Klickitat
2005-12,6.33,19.9,26.4,32.8,23.1,0.02,1.07,Klickitat
2006-01,6.46,31.2,36.3,41.5,33.2,0.03,1.42,Klickitat
2006-02,1.49,23.9,32.9,41.9,22.1,0.31,4.19,Klickitat
2006-03,1.28,29.7,39.1,48.5,29.7,0.23,5.94,Klickitat
2006-04,1.78,33.8,46.1,58.3,32.9,0.68,10.05,Klickitat
2006-05,1.08,38.4,53.3,68.1,35.6,1.28,17.31,Klickitat
2006-06,1.46,46.7,60.7,74.7,44.5,1.38,19.68,Klickitat
2006-07,0.05,50.5,68.7,86.8,45.7,2.46,34.55,Klickitat
2006-08,0,46.5,65,83.5,41,2.38,31.01,Klickitat
2006-09,0.22,40.9,58.7,76.5,36.2,2.12,25.28,Klickitat
2006-10,0.52,33.5,47.9,62.2,32.9,0.76,12.29,Klickitat
2006-11,5.45,30,36.7,43.5,31.9,0.03,2.73,Klickitat
2006-12,3.92,24,29.6,35.2,26.2,0.02,1.34,Klickitat
2007-01,1.75,21.1,28.1,35.1,23,0.06,2.06,Klickitat
2007-02,1.45,28.6,35.7,42.8,30.4,0.06,2.9,Klickitat
2007-03,0.83,31.5,42.6,53.8,33.6,0.21,7.15,Klickitat
2007-04,0.79,32.2,44.6,57,33.5,0.21,9.09,Klickitat
2007-05,0.44,37.6,52.8,68.1,35.4,1.1,17,Klickitat
2007-06,0.21,43.6,58.4,73.2,39.1,1.75,20.99,Klickitat
2007-07,0.07,52.2,69.3,86.4,45.8,2.93,33.24,Klickitat
2007-08,0.84,47.4,64.2,80.9,42.2,1.95,27.66,Klickitat
2007-09,0.26,40.5,57.3,74.1,37,1.69,21.71,Klickitat
2007-10,2.21,34.2,45.9,57.6,35.3,0.4,8.55,Klickitat
2007-11,2.91,27.5,36.7,45.9,29.7,0.19,4.56,Klickitat
2007-12,4.52,25.7,31.3,36.9,27.6,0.09,1.63,Klickitat
2008-01,3.16,19.8,27.5,35.2,21.6,0.16,2.24,Klickitat
2008-02,1.82,27.8,36.6,45.4,29.2,0.24,4.39,Klickitat
2008-03,1.21,27.2,38,48.9,27,0.4,6.46,Klickitat
2008-04,0.51,26.7,40.1,53.5,26.5,0.49,9.2,Klickitat
2008-05,0.84,40,53.3,66.6,38,1.07,14.89,Klickitat
2008-06,0.35,40.3,56.2,72.1,38.4,1.29,20.34,Klickitat
2008-07,0.13,48.3,66.1,83.9,42.5,2.6,30.99,Klickitat
2008-08,0.36,48.9,65.2,81.5,43.6,2.53,28.47,Klickitat
2008-09,0.18,40.4,58,75.7,35.7,2.04,23.87,Klickitat
2008-10,0.94,32.9,47,61.1,30.8,0.9,12.29,Klickitat
2008-11,2.09,32.1,41.1,50,34.4,0.31,4.54,Klickitat
2008-12,3.4,18,26.5,35,21,0.21,2.64,Klickitat
2009-01,3.37,22.8,29.3,35.8,24.3,0.26,2.16,Klickitat
2009-02,1.86,26.9,34.2,41.4,27.8,0.15,3.13,Klickitat
2009-03,2.59,27.4,36.4,45.4,28,0.22,4.44,Klickitat
2009-04,0.65,31.1,44.3,57.5,30.7,0.61,10.89,Klickitat
2009-05,1.8,37.7,52.8,67.8,37.1,0.83,16.84,Klickitat
2009-06,0.41,45.6,60.7,75.9,41.8,1.43,21.95,Klickitat
2009-07,0,52,69.1,86.2,41.3,4.17,35.48,Klickitat
2009-08,0.13,51.5,67.2,82.9,42.6,3.49,30.48,Klickitat
2009-09,0.38,45.1,61.1,77.2,38.2,2.54,24.48,Klickitat
2009-10,1.69,34.4,44.7,55,31.1,0.96,8.24,Klickitat
2009-11,1.97,30,37.9,45.9,30.5,0.33,4.2,Klickitat
2009-12,2.7,19.4,26.2,32.9,19.2,0.22,1.86,Klickitat
2010-01,3.72,30.5,35.3,40.1,30.6,0.24,2.11,Klickitat
2010-02,1.8,30.8,38.5,46.2,31.4,0.26,3.92,Klickitat
2010-03,1.33,30.1,40.6,51.1,28.8,0.49,7.02,Klickitat
2010-04,1.5,33.6,43.7,53.8,31.1,0.68,8.17,Klickitat
2010-05,1.88,36.9,48.3,59.6,35.2,0.66,10.56,Klickitat
2010-06,1.72,43.1,55.9,68.7,42.8,0.8,14.28,Klickitat
2010-07,0.02,46.8,64.9,82.9,42.7,1.67,30.23,Klickitat
2010-08,0,46.5,64.1,81.8,41.1,2.08,28.72,Klickitat
2010-09,1.01,45.1,58.1,71.2,43.9,0.8,16.06,Klickitat
2010-10,2.39,37.3,49.4,61.5,35.5,0.88,11.61,Klickitat
2010-11,2.64,26.4,34.9,43.4,30.9,0.07,3.16,Klickitat
2010-12,6.19,27.3,32.1,36.8,28.4,0.05,1.31,Klickitat
2011-01,1.65,26.4,33.7,41.1,27.7,0.19,2.85,Klickitat
2011-02,0.51,24.1,32.3,40.5,23,0.41,3.95,Klickitat
2011-03,3.23,30.8,38.4,46,30.8,0.2,4.07,Klickitat
2011-04,2.14,30.7,40.1,49.5,29.1,0.52,6.16,Klickitat
2011-05,2.17,35.6,47.6,59.6,34.8,0.61,10.04,Klickitat
2011-06,0.48,43.7,55.8,68,41.2,0.98,14.32,Klickitat
2011-07,0.54,45.9,61.5,77.1,44.2,1.35,22.09,Klickitat
2011-08,0,50.3,66.8,83.3,42.7,2.99,29.97,Klickitat
2011-09,0,47.4,62.9,78.4,35.5,4.23,27.74,Klickitat
2011-10,1.53,37.7,48,58.3,37,0.57,8.78,Klickitat
2011-11,1.9,26.8,35.7,44.6,25.9,0.54,4.99,Klickitat
2011-12,2.82,22.2,31.6,40.9,22.6,0.39,3.73,Klickitat
2012-01,2.91,22.9,30.8,38.8,24.5,0.21,2.88,Klickitat
2012-02,0.81,27.5,34.2,40.8,26.3,0.34,3.29,Klickitat
2012-03,3.67,29.4,37.8,46.1,27,0.52,5.35,Klickitat
2012-04,0.98,35.1,45.7,56.3,31.3,0.77,9.83,Klickitat
2012-05,0.92,37.6,50.2,62.8,31.7,1.56,13.93,Klickitat
2012-06,1.38,43.3,55.2,67.2,39.6,1.44,14.7,Klickitat
2012-07,0.1,49.6,66.3,83,45.8,1.95,28.82,Klickitat
2012-08,0,50.3,68.1,85.9,40.9,3.66,34.77,Klickitat
2012-09,0,44.1,61.2,78.3,35,3.15,26.67,Klickitat
2012-10,2.52,37.4,48.4,59.4,33.1,1.21,10.98,Klickitat
2012-11,3.38,33.8,40.1,46.3,34.8,0.16,3.31,Klickitat
2012-12,4.24,27.6,33.1,38.6,28.6,0.14,2,Klickitat
2013-01,0.45,21.8,27.8,33.8,22.9,0.16,1.79,Klickitat
2013-02,0.32,28,36.3,44.7,28,0.35,4.18,Klickitat
2013-03,1.37,31.4,40.6,49.8,29.6,0.48,6.34,Klickitat
2013-04,0.77,34.3,45.1,55.9,31.2,0.96,9.23,Klickitat
2013-05,1.95,41.5,53.7,65.8,36.4,1.75,15.41,Klickitat
2013-06,0.95,46.4,59.6,72.8,42.8,1.35,18.56,Klickitat
2013-07,0,51.9,69.6,87.3,42.5,3.23,36.85,Klickitat
2013-08,0.55,53.7,68.5,83.3,46.6,2.68,28.99,Klickitat
2013-09,1.68,48.4,61.1,73.8,44.8,1.83,20.45,Klickitat
2013-10,0.81,34.3,46.3,58.4,33.2,0.71,9.8,Klickitat
2013-11,0.99,27.8,36.3,44.8,27.4,0.39,4.17,Klickitat
2013-12,1.21,21.3,30,38.6,21.6,0.41,3.36,Klickitat
2014-01,1.27,25.5,31.9,38.4,26.3,0.17,2.6,Klickitat
2014-02,3.89,24.9,30.4,36,22.9,0.39,3.42,Klickitat
2014-03,2.77,30.9,40.4,49.9,30.2,0.46,6.04,Klickitat
2014-04,1.53,34.7,45.6,56.6,32.2,0.79,9.27,Klickitat
2014-05,0.49,40.7,53.9,67,36.7,1.42,15.49,Klickitat
2014-06,0.19,44.4,58.4,72.5,40.8,1.39,18.69,Klickitat
2014-07,0.32,54.1,70.4,86.7,45.3,3.68,35.31,Klickitat
2014-08,0.19,53.9,69.5,85.2,45.8,3.77,31.75,Klickitat
2014-09,0.59,47.4,61.1,74.8,37.8,3.23,21.65,Klickitat
2014-10,2.34,42.4,53.1,63.8,40,1.03,12.47,Klickitat
2014-11,2.24,27.9,35.9,43.9,27.4,0.42,3.88,Klickitat
2014-12,2.69,27.3,33,38.7,28.8,0.11,1.91,Klickitat
2015-01,1.99,28.5,34.6,40.7,29.4,0.13,2.44,Klickitat
2015-02,2.8,32.7,40.7,48.8,31.8,0.38,4.76,Klickitat
2015-03,1.33,33.5,44.9,56.2,31.8,0.68,8.93,Klickitat
2015-04,0.16,32.3,45,57.7,29.9,0.83,10.63,Klickitat
2015-05,0.95,42.7,56,69.4,38.2,1.37,16.69,Klickitat
2015-06,0.01,51.5,67.3,83.1,41.4,3.98,31.09,Klickitat
2015-07,0.01,54.2,70,85.9,42.8,4.66,34.6,Klickitat
2015-08,0.1,53.6,68.9,84.1,40.2,5.4,32.84,Klickitat
2015-09,0.09,42.7,57.3,72,37.4,2.04,19.66,Klickitat
2015-10,0.32,41.2,53.4,65.6,39,1.21,13.08,Klickitat
2015-11,2.45,28.2,35.9,43.6,28.7,0.28,3.84,Klickitat
2015-12,8.27,26,31.4,36.8,27,0.15,1.77,Klickitat
2016-01,3.3,26.9,31.9,36.8,27,0.16,1.98,Klickitat
2016-02,1.36,32,39.6,47.2,32.2,0.34,4.08,Klickitat
2016-03,2.45,32.9,41.1,49.2,30.8,0.63,5.8,Klickitat
2016-04,0.39,38,51.1,64.2,34.9,1.24,13.89,Klickitat
2016-05,0.58,41.7,54.8,67.9,37.6,1.58,15.65,Klickitat
2016-06,0.09,45.8,60.9,75.9,39,2.41,24.27,Klickitat
2016-07,0.27,50.1,65.1,80,44.7,2.27,25.93,Klickitat
2016-08,0.02,50.7,67.1,83.5,40.5,4.42,31,Klickitat
2016-09,0.32,43.5,57.3,71.2,38.2,2.05,18.21,Klickitat
2016-10,4.57,39,47.5,56,39,0.45,6.67,Klickitat
2016-11,1.89,35.8,43.5,51.1,35.5,0.34,5.02,Klickitat
2016-12,2.44,19.5,26.2,32.9,20.6,0.26,2.07,Klickitat
2017-01,2.69,14.9,21.6,28.2,15.2,0.19,1.37,Klickitat
2017-02,3.83,23.4,29.9,36.5,23.1,0.2,2.3,Klickitat
2017-03,3.25,32.8,39.5,46.2,32,0.29,4.16,Klickitat
2017-04,2.22,33.8,43.4,52.9,32.2,0.61,7.02,Klickitat
2017-05,0.56,39.8,53.3,66.8,38.3,1.23,15,Klickitat
2017-06,0.52,46.5,59.9,73.4,41,2.29,19.8,Klickitat
2017-07,0,51.6,69.3,87,42.9,3.31,35.4,Klickitat
2017-08,0.07,53.7,71.2,88.8,41,5.53,38.78,Klickitat
2017-09,0.62,47.6,61.4,75.2,39.5,3.2,23.67,Klickitat
2017-10,2.17,34.1,46.1,58.1,31.2,0.87,9.76,Klickitat
2017-11,3.8,31.7,38.4,45.1,30.6,0.3,3.57,Klickitat
2017-12,1.71,23.7,29.2,34.6,24.7,0.17,1.67,Klickitat
2018-01,3.22,30.1,35.1,40,30.9,0.1,2.22,Klickitat
2018-02,0.99,24.9,33.2,41.5,24.7,0.46,3.91,Klickitat
2018-03,1.84,28.7,38.4,48.1,27.6,0.51,6.02,Klickitat
2018-04,1.64,34.7,45.2,55.7,31.6,0.94,9.13,Klickitat
2018-05,0.49,44.4,58.1,71.9,41.2,1.5,17.73,Klickitat
2018-06,0.26,44.4,58.7,73.1,39.5,1.81,19.86,Klickitat
2018-07,0,52.1,69.2,86.4,39.9,4.91,35.94,Klickitat
2018-08,0,52.1,68,83.8,41.4,4.5,31.74,Klickitat
2018-09,0,41.9,56.8,71.7,36,2.35,19.53,Klickitat
2018-10,1.24,36,47.9,59.8,33.5,1.21,10.38,Klickitat
2018-11,1.3,29.2,37.9,46.6,29,0.54,4.7,Klickitat
2018-12,3.74,28,33.2,38.5,27.9,0.31,2.25,Klickitat
2019-01,1.74,27.2,33.3,39.5,27,0.27,2.69,Klickitat
2019-02,3.74,17.9,25.1,32.3,20.1,0.16,1.79,Klickitat
2019-03,0.67,22.8,32.7,42.7,22.3,0.42,4.93,Klickitat
2019-04,1.92,36.9,46.7,56.4,34.9,0.86,8.55,Klickitat
2019-05,1.39,42.7,55,67.2,38.5,1.82,15.15,Klickitat
2019-06,0.24,46.4,60.2,74,41.4,2.4,20.42,Klickitat
2019-07,0.11,50.5,64.8,79,44.1,2.95,24.43,Klickitat
2019-08,0.93,52.7,67.9,83,47,2.7,28.6,Klickitat
2019-09,1.17,45.8,58.1,70.3,44.1,1.42,16.87,Klickitat
2019-10,1.02,30.3,42,53.7,28.2,0.82,8.36,Klickitat
2019-11,0.31,27.8,37.8,47.8,26.7,0.61,6.06,Klickitat
2019-12,2.26,26.1,32.2,38.4,28.4,0.13,1.95,Klickitat
2020-01,3.99,29.7,35.2,40.6,30.7,0.2,2.41,Klickitat
2020-02,0.35,27.7,36.9,46,27.5,0.61,5.07,Klickitat
2020-03,1.21,26.9,37.6,48.4,25.9,0.66,6.98,Klickitat
2020-04,0.4,33.8,46.2,58.6,30,1.18,11.2,Klickitat
2020-05,1.29,40.3,53.3,66.3,36.7,1.66,15.21,Klickitat
2020-06,0.67,45.4,58.2,71,41.8,1.7,18.24,Klickitat
2020-07,0,50.5,66.2,81.9,42.3,4.22,30.21,Klickitat
2020-08,0,50.6,67.5,84.5,42.3,4.16,32.56,Klickitat
2020-09,0.15,48.2,62.7,77.2,40,4.14,24.8,Klickitat
2020-10,1.55,37.1,49.9,62.7,34.8,1.82,13.55,Klickitat
2020-11,2.91,30.2,38.4,46.5,30.9,0.53,4.55,Klickitat
2020-12,1.8,27.1,33.4,39.7,28.3,0.34,2.68,Klickitat
2021-01,2.44,29.8,35.9,42.1,30.6,0.44,3.08,Klickitat
2021-02,1.68,26,32.2,38.5,25.1,0.67,3.3,Klickitat
2021-03,0.5,28.6,39.6,50.7,27.8,0.72,7.59,Klickitat
2021-04,0.14,32.4,46.2,60,25.8,1.78,13.48,Klickitat
2021-05,0.29,38.1,52.5,66.9,35,1.4,16.45,Klickitat
2021-06,0.12,52.4,67,81.7,42.8,4.51,31.55,Klickitat
2021-07,0,50.4,69.7,89.1,47.1,3.68,37.06,Klickitat
2021-08,0.03,53,68.2,83.3,45,4.75,30.5,Klickitat
2021-09,0.79,44.1,58.6,73.1,39.9,2.17,20.47,Klickitat
2021-10,1.19,33.1,46.2,59.3,36,0.76,9.29,Klickitat
2021-11,2.5,32.9,40.2,47.6,34.2,0.41,4.35,Klickitat
2021-12,3.08,26.2,31.7,37.3,27.2,0.31,2.44,Klickitat